Data Set 1:Time(s),Data Set 1:X magnetic field(mT),Data Set 1:Y magnetic field(mT),Data Set 1:Z magnetic field(mT)
0,1.8442020416259766,-0.6390959620475769,-0.1059345006942749
0.033300000000000003,1.4071019887924194,-0.59199601411819458,-0.11943449825048447
0.066600000000000006,1.610651969909668,-0.71289598941802979,-0.1168845072388649
0.099900000000000003,1.5466020107269287,-0.62604600191116333,-0.13233450055122375
0.13320000000000001,1.4903519153594971,-0.68214595317840576,-0.11703450977802277
0.16650000000000001,1.6786019802093506,-0.73299598693847656,-0.12753449380397797
0.19980000000000001,1.3766520023345947,-0.59769594669342041,-0.12828449904918671
0.2331,1.4458019733428955,-0.69504600763320923,-0.11988450586795807
0.26640000000000003,1.5635520219802856,-0.68574601411819458,-0.13728450238704681
0.29970000000000002,1.3507020473480225,-0.65484601259231567,-0.12333450466394424
0.33300000000000002,1.5803519487380981,-0.76254594326019287,-0.12753449380397797
0.36630000000000001,1.3807018995285034,-0.62859594821929932,-0.13743451237678528
0.39960000000000001,1.3151519298553467,-0.66444599628448486,-0.1249845027923584
0.43290000000000001,1.5565019845962524,-0.73689597845077515,-0.1383344978094101
0.4662,1.2701519727706909,-0.63309597969055176,-0.12993450462818146
0.4995,1.447301983833313,-0.75759595632553101,-0.12513449788093567
0.53280000000000005,1.4015519618988037,-0.66909599304199219,-0.1420845091342926
0.56610000000000005,1.239251971244812,-0.63804596662521362,-0.13083449006080627
0.59940000000000004,1.5179519653320312,-0.77274596691131592,-0.13563451170921326
0.63270000000000004,1.2452518939971924,-0.62844598293304443,-0.13683450222015381
0.66600000000000004,1.4687520265579224,-0.78279602527618408,-0.13113449513912201
0.69930000000000003,1.4216519594192505,-0.71499598026275635,-0.14463450014591217
0.73260000000000003,1.2242519855499268,-0.67809593677520752,-0.12858450412750244
0.76590000000000003,1.4521019458770752,-0.75399601459503174,-0.14223450422286987
0.79920000000000002,1.2631019353866577,-0.64914596080780029,-0.14253450930118561
0.83250000000000002,1.3465019464492798,-0.76734602451324463,-0.12843450903892517
0.86580000000000001,1.3169519901275635,-0.68169599771499634,-0.14598450064659119
0.89910000000000001,1.1614019870758057,-0.64434599876403809,-0.13413450121879578
0.93240000000000001,1.4225519895553589,-0.78354597091674805,-0.13803449273109436
0.9657,1.2880020141601562,-0.68439596891403198,-0.14673450589179993
0.999,1.2140519618988037,-0.72549599409103394,-0.12828449904918671
1.0323,1.3316519260406494,-0.72354596853256226,-0.14763450622558594
1.0656000000000001,1.1390520334243774,-0.63519597053527832,-0.14013449847698212
1.0989,1.3273019790649414,-0.78804600238800049,-0.13278450071811676
1.1322000000000001,1.1756519079208374,-0.65319597721099854,-0.14718450605869293
1.1655,1.1023019552230835,-0.67434597015380859,-0.13188450038433075
1.1988000000000001,1.318452000617981,-0.76119601726531982,-0.14418449997901917
1.2321,1.1470019817352295,-0.65364599227905273,-0.14568451046943665
1.2654000000000001,1.1963520050048828,-0.76044595241546631,-0.12948450446128845
1.2987,1.1861519813537598,-0.68544596433639526,-0.14868450164794922
1.3320000000000001,1.0315020084381104,-0.63639599084854126,-0.13728450238704681
1.3653,1.2562019824981689,-0.77904593944549561,-0.13863450288772583
1.3986000000000001,1.0381019115447998,-0.68259596824645996,-0.14898450672626495
1.4319,1.0546019077301025,-0.70419597625732422,-0.12993450462818146
1.4652000000000001,1.1761019229888916,-0.71769601106643677,-0.14748451113700867
1.4984999999999999,1.0018019676208496,-0.62349593639373779,-0.1420845091342926
1.5318000000000001,1.1453520059585571,-0.76734602451324463,-0.13233450055122375
1.5650999999999999,1.0283520221710205,-0.64059597253799438,-0.14613449573516846
1.5984,0.94285190105438232,-0.64659601449966431,-0.13158449530601501
1.6316999999999999,1.1366519927978516,-0.73944598436355591,-0.14253450930118561
1.665,0.9899519681930542,-0.63309597969055176,-0.14463450014591217
1.6982999999999999,1.0102019309997559,-0.72234594821929932,-0.12843450903892517
1.7316,1.0219019651412964,-0.66114598512649536,-0.14718450605869293
1.7648999999999999,0.88225191831588745,-0.60264599323272705,-0.13623449206352234
1.7982,1.0729019641876221,-0.74154597520828247,-0.13548450171947479
1.8314999999999999,0.99100196361541748,-0.65334594249725342,-0.14583450555801392
1.8648,0.89410197734832764,-0.65784597396850586,-0.12693449854850769
1.8980999999999999,1.0172519683837891,-0.68559598922729492,-0.14418449997901917
1.9314,0.86830198764801025,-0.59049594402313232,-0.1392345130443573
1.9646999999999999,0.98080193996429443,-0.72189599275588989,-0.12858450412750244
1.998,0.99115198850631714,-0.67884600162506104,-0.14268448948860168
2.0312999999999999,0.81760197877883911,-0.60369598865509033,-0.12918449938297272
2.0646,0.99520194530487061,-0.7023959755897522,-0.13803449273109436
2.0979000000000001,0.87550199031829834,-0.60144597291946411,-0.1416344940662384
2.1312000000000002,0.8752020001411438,-0.67269599437713623,-0.12453450262546539
2.1644999999999999,0.96550196409225464,-0.69174599647521973,-0.13578450679779053
2.1978,0.78160202503204346,-0.56544601917266846,-0.13218450546264648
2.2311000000000001,0.94270199537277222,-0.69819599390029907,-0.12993450462818146
2.2644000000000002,0.88390195369720459,-0.62019598484039307,-0.14103449881076813
2.2976999999999999,0.78505200147628784,-0.6114959716796875,-0.12378450483083725
2.331,0.91600197553634644,-0.68784600496292114,-0.12933449447154999
2.3643000000000001,0.77635204792022705,-0.55584597587585449,-0.13518449664115906
2.3976000000000002,0.86050194501876831,-0.67119598388671875,-0.12393449246883392
2.4308999999999998,0.80500191450119019,-0.57414597272872925,-0.13803449273109436
2.4641999999999999,0.72190201282501221,-0.55839598178863525,-0.12513449788093567
2.4975000000000001,0.88645201921463013,-0.65964597463607788,-0.13173450529575348
2.5308000000000002,0.72055202722549438,-0.53604596853256226,-0.12858450412750244
2.5640999999999998,0.77005201578140259,-0.61959600448608398,-0.1192844957113266
2.5973999999999999,0.82225197553634644,-0.59589600563049316,-0.13683450222015381
2.6307,0.71635204553604126,-0.57324600219726562,-0.12018450349569321
2.6640000000000001,0.84235203266143799,-0.6557459831237793,-0.12468449771404266
2.6972999999999998,0.72955203056335449,-0.53424596786499023,-0.13323450088500977
2.7305999999999999,0.70045197010040283,-0.56334602832794189,-0.12048450857400894
2.7639,0.82915198802947998,-0.61824595928192139,-0.13323450088500977
2.7972000000000001,0.67660200595855713,-0.53019601106643677,-0.12378450483083725
2.8304999999999998,0.77995198965072632,-0.63144600391387939,-0.11838450282812119
2.8637999999999999,0.75415199995040894,-0.55344593524932861,-0.13458450138568878
2.8971,0.72430199384689331,-0.59379595518112183,-0.12318450212478638
2.9304000000000001,0.82705193758010864,-0.6338459849357605,-0.1273844987154007
2.9636999999999998,0.67840200662612915,-0.51174598932266235,-0.12753449380397797
2.9969999999999999,0.71785199642181396,-0.58914601802825928,-0.11718449741601944
3.0303,0.7823520302772522,-0.57849597930908203,-0.13368450105190277
3.0636000000000001,0.67480200529098511,-0.54759597778320312,-0.11988450586795807
3.0969000000000002,0.79795205593109131,-0.63309597969055176,-0.1221345067024231
3.1301999999999999,0.69970202445983887,-0.51939594745635986,-0.13053449988365173
3.1635,0.6671520471572876,-0.54339599609375,-0.11838450282812119
3.1968000000000001,0.79705202579498291,-0.60309594869613647,-0.12993450462818146
3.2301000000000002,0.64750200510025024,-0.5115959644317627,-0.12153450399637222
3.2633999999999999,0.74020200967788696,-0.60894596576690674,-0.11613450199365616
3.2967,0.72325199842453003,-0.53799599409103394,-0.13173450529575348
3.3300000000000001,0.68830198049545288,-0.57069599628448486,-0.12063449621200562
3.3633000000000002,0.788502037525177,-0.61419594287872314,-0.12393449246883392
3.3965999999999998,0.64735203981399536,-0.49524599313735962,-0.12513449788093567
3.4298999999999999,0.67435204982757568,-0.5624459981918335,-0.11493450403213501
3.4632000000000001,0.7423020601272583,-0.55824601650238037,-0.1306845098733902
3.4965000000000002,0.63160198926925659,-0.521045982837677,-0.11553449928760529
3.5297999999999998,0.74410200119018555,-0.60384595394134521,-0.11733449995517731
3.5630999999999999,0.65725201368331909,-0.49734598398208618,-0.12633450329303741
3.5964,0.61990201473236084,-0.51294600963592529,-0.11523450911045074
3.6297000000000001,0.74320203065872192,-0.57504594326019287,-0.12558451294898987
3.6629999999999998,0.5981520414352417,-0.48054599761962891,-0.12558451294898987
3.6962999999999999,0.67180198431015015,-0.56604599952697754,-0.11133450269699097
3.7296,0.66520202159881592,-0.50604593753814697,-0.12588450312614441
3.7629000000000001,0.58615201711654663,-0.47184595465660095,-0.11658450216054916
3.7961999999999998,0.72175204753875732,-0.57759600877761841,-0.11838450282812119
3.8294999999999999,0.59395205974578857,-0.46179598569869995,-0.12018450349569321
3.8628,0.60595202445983887,-0.51504600048065186,-0.10983450710773468
3.8961000000000001,0.67660200595855713,-0.52164596319198608,-0.12363450229167938
3.9293999999999998,0.58165204524993896,-0.45354598760604858,-0.11958450078964233
3.9626999999999999,0.67420202493667603,-0.56034600734710693,-0.1111845001578331
3.996,0.6043020486831665,-0.46524596214294434,-0.12303449958562851
4.0293000000000001,0.55555200576782227,-0.46704596281051636,-0.10998449474573135
4.0625999999999998,0.67420202493667603,-0.53469598293304443,-0.11793450266122818
4.0959000000000003,0.5935019850730896,-0.4572959840297699,-0.11988450586795807
4.1292,0.60940206050872803,-0.52314597368240356,-0.10728450119495392
4.1624999999999996,0.62170201539993286,-0.47994598746299744,-0.12123449891805649
4.1958000000000002,0.56425201892852783,-0.48399597406387329,-0.10638450086116791
4.2290999999999999,0.65890204906463623,-0.53874599933624268,-0.11163449287414551
4.2624000000000004,0.55375200510025024,-0.43389597535133362,-0.11598449945449829
4.2957000000000001,0.62845200300216675,-0.53139597177505493,-0.10758449882268906
4.3289999999999997,0.63325202465057373,-0.49734598398208618,-0.11748449504375458
4.3623000000000003,0.52240198850631714,-0.44049596786499023,-0.10728450119495392
4.3956,0.61180198192596436,-0.51894599199295044,-0.10578449815511703
4.4288999999999996,0.56485199928283691,-0.43884596228599548,-0.11673450469970703
4.4622000000000002,0.56485199928283691,-0.49074596166610718,-0.10398449748754501
4.4954999999999998,0.62560200691223145,-0.50469601154327393,-0.11163449287414551
4.5288000000000004,0.50500202178955078,-0.40914598107337952,-0.10863449424505234
4.5621,0.61435204744338989,-0.50889599323272705,-0.10713450610637665
4.5953999999999997,0.57850205898284912,-0.4515959620475769,-0.11508450657129288
4.6287000000000003,0.51205199956893921,-0.44319596886634827,-0.10113450139760971
4.6619999999999999,0.60220205783843994,-0.50034600496292114,-0.10518451035022736
4.6952999999999996,0.51430201530456543,-0.40509596467018127,-0.11103449761867523
4.7286000000000001,0.57040202617645264,-0.48939600586891174,-0.10143449157476425
4.7618999999999998,0.5911020040512085,-0.46929597854614258,-0.11163449287414551
4.7952000000000004,0.48235201835632324,-0.4053959846496582,-0.10368449985980988
4.8285,0.59665203094482422,-0.48444598913192749,-0.10803450644016266
4.8617999999999997,0.53380203247070312,-0.41799598932266235,-0.11238451302051544
4.8951000000000002,0.51955199241638184,-0.45489597320556641,-0.098884500563144684
4.9283999999999999,0.58885204792022705,-0.4791959822177887,-0.10668449103832245
4.9617000000000004,0.47905200719833374,-0.38634598255157471,-0.10578449815511703
4.9950000000000001,0.57235205173492432,-0.48054599761962891,-0.10203449428081512
5.0282999999999998,0.55045199394226074,-0.43269595503807068,-0.11043450981378555
5.0616000000000003,0.47335201501846313,-0.40809598565101624,-0.098584502935409546
5.0949,0.55780202150344849,-0.47049599885940552,-0.10008449852466583
5.1281999999999996,0.48670202493667603,-0.38334602117538452,-0.10653450340032578
5.1615000000000002,0.52165204286575317,-0.45324596762657166,-0.096034504473209381
5.1947999999999999,0.55180203914642334,-0.4434959888458252,-0.10548450797796249
5.2281000000000004,0.44545203447341919,-0.37239602208137512,-0.099334500730037689
5.2614000000000001,0.55045199394226074,-0.45189601182937622,-0.094834499061107635
5.2946999999999997,0.49675202369689941,-0.38949602842330933,-0.10608450323343277
5.3280000000000003,0.46600204706192017,-0.40779599547386169,-0.093184500932693481
5.3613,0.53440201282501221,-0.44064599275588989,-0.098884500563144684
5.3945999999999996,0.43810200691223145,-0.35229599475860596,-0.099934503436088562
5.4279000000000002,0.45130199193954468,-0.39519599080085754,-0.091084502637386322
5.4611999999999998,0.50230205059051514,-0.39699599146842957,-0.10338449478149414
5.4945000000000004,0.42340201139450073,-0.36354601383209229,-0.093034498393535614
5.5278,0.49915200471878052,-0.42444595694541931,-0.093184500932693481
5.5610999999999997,0.44560202956199646,-0.35034602880477905,-0.1002345085144043
5.5944000000000003,0.46300202608108521,-0.40449601411819458,-0.092284500598907471
5.6276999999999999,0.50095200538635254,-0.40434598922729492,-0.098584502935409546
5.6609999999999996,0.40285199880599976,-0.33204600214958191,-0.094084501266479492
5.6943000000000001,0.45040202140808105,-0.39264601469039917,-0.089134499430656433
5.7275999999999998,0.45550203323364258,-0.35724601149559021,-0.099184498190879822
5.7609000000000004,0.3950519859790802,-0.32409602403640747,-0.092884495854377747
5.7942,0.48505201935768127,-0.40089598298072815,-0.091534502804279327
5.8274999999999997,0.4040520191192627,-0.32094600796699524,-0.09423450380563736
5.8608000000000002,0.40615200996398926,-0.3530460000038147,-0.087334498763084412
5.8940999999999999,0.4673520028591156,-0.36984601616859436,-0.097084499895572662
5.9273999999999996,0.38470199704170227,-0.32664602994918823,-0.093934498727321625
5.9607000000000001,0.47380200028419495,-0.38334602117538452,-0.093484506011009216
5.9939999999999998,0.41875201463699341,-0.32694599032402039,-0.095284506678581238
6.0273000000000003,0.41680201888084412,-0.36339598894119263,-0.08553449809551239
6.0606,0.43930202722549438,-0.34404599666595459,-0.096184507012367249
6.0938999999999997,0.37660199403762817,-0.3044460117816925,-0.090034499764442444
6.1272000000000002,0.45655202865600586,-0.37989598512649536,-0.088834501802921295
6.1604999999999999,0.43285202980041504,-0.33849602937698364,-0.094534501433372498
6.1938000000000004,0.377951979637146,-0.32544600963592529,-0.084634497761726379
6.2271000000000001,0.44665202498435974,-0.35484600067138672,-0.092734500765800476
6.2603999999999997,0.38290199637413025,-0.29994601011276245,-0.091684505343437195
6.2937000000000003,0.41890200972557068,-0.35994601249694824,-0.083734497427940369
6.327,0.40105199813842773,-0.31149598956108093,-0.092134498059749603
6.3602999999999996,0.35440200567245483,-0.29424601793289185,-0.085684500634670258
6.3936000000000002,0.43885201215744019,-0.35529601573944092,-0.087934501469135284
6.4268999999999998,0.39475199580192566,-0.30549600720405579,-0.091234497725963593
6.4602000000000004,0.37465196847915649,-0.32499599456787109,-0.081334501504898071
6.4935,0.41125202178955078,-0.32079601287841797,-0.090334497392177582
6.5267999999999997,0.35080200433731079,-0.27714601159095764,-0.08553449809551239
6.5601000000000003,0.41365200281143188,-0.34659600257873535,-0.082684502005577087
6.5933999999999999,0.36520200967788696,-0.31434601545333862,-0.088684499263763428
6.6266999999999996,0.34120199084281921,-0.28989601135253906,-0.081184498965740204
6.6600000000000001,0.4130520224571228,-0.3278459906578064,-0.086134500801563263
6.6932999999999998,0.35875198245048523,-0.27714601159095764,-0.086884498596191406
6.7266000000000004,0.37375199794769287,-0.32004600763320923,-0.079084500670433044
6.7599,0.37510198354721069,-0.28899601101875305,-0.087184503674507141
6.7931999999999997,0.32470199465751648,-0.26244598627090454,-0.081184498965740204
6.8265000000000002,0.39985200762748718,-0.32409602403640747,-0.081484504044055939
6.8597999999999999,0.36850199103355408,-0.28314599394798279,-0.085834503173828125
6.8930999999999996,0.33370199799537659,-0.28299599885940552,-0.076834499835968018
6.9264000000000001,0.38305199146270752,-0.29739600419998169,-0.084184505045413971
6.9596999999999998,0.32710200548171997,-0.25299602746963501,-0.082684502005577087
6.9930000000000003,0.36925199627876282,-0.31059601902961731,-0.077734500169754028
7.0263,0.37780198454856873,-0.29289600253105164,-0.082984499633312225
7.0595999999999997,0.30895200371742249,-0.2549460232257843,-0.077584497630596161
7.0929000000000002,0.38245198130607605,-0.30339601635932922,-0.080584503710269928
7.1261999999999999,0.33970198035240173,-0.26004600524902344,-0.082234501838684082
7.1595000000000004,0.33355197310447693,-0.28539600968360901,-0.074584499001502991
7.1928000000000001,0.37825196981430054,-0.29889601469039917,-0.07953450083732605
7.2260999999999997,0.30640199780464172,-0.2402460128068924,-0.078784503042697906
7.2594000000000003,0.36940199136734009,-0.30129599571228027,-0.076384499669075012
7.2927,0.35440200567245483,-0.27054601907730103,-0.082234501838684082
7.3259999999999996,0.30655199289321899,-0.25704601407051086,-0.074734501540660858
7.3593000000000002,0.36370199918746948,-0.29724600911140442,-0.075934499502182007
7.3925999999999998,0.31645199656486511,-0.24129600822925568,-0.080284498631954193
7.4259000000000004,0.34015199542045593,-0.28689602017402649,-0.073534503579139709
7.4592000000000001,0.362201988697052,-0.2811959981918335,-0.079234495759010315
7.4924999999999997,0.29185199737548828,-0.23469600081443787,-0.07653450220823288
7.5258000000000003,0.36340197920799255,-0.28014600276947021,-0.072334505617618561
7.5590999999999999,0.33160200715065002,-0.24984601140022278,-0.080284498631954193
7.5923999999999996,0.30895200371742249,-0.26049599051475525,-0.072484500706195831
7.6257000000000001,0.35800200700759888,-0.28479599952697754,-0.075634501874446869
7.6589999999999998,0.29530197381973267,-0.22659599781036377,-0.077584497630596161
7.6923000000000004,0.30295199155807495,-0.25404602289199829,-0.071734502911567688
7.7256,0.34285199642181396,-0.26109600067138672,-0.078784503042697906
7.7588999999999997,0.28555199503898621,-0.23529601097106934,-0.072334505617618561
7.7922000000000002,0.35095196962356567,-0.27159601449966431,-0.077284500002861023
7.8254999999999999,0.2827019989490509,-0.22194600105285645,-0.077884502708911896
7.8587999999999996,0.31420201063156128,-0.26409599184989929,-0.071284502744674683
7.8921000000000001,0.32335197925567627,-0.24264600872993469,-0.078484497964382172
7.9253999999999998,0.27925199270248413,-0.21774598956108093,-0.074584499001502991
7.9587000000000003,0.34285199642181396,-0.27339601516723633,-0.073384501039981842
7.992,0.28915199637413025,-0.21774598956108093,-0.076384499669075012
8.0252999999999997,0.28570199012756348,-0.2373960018157959,-0.070234499871730804
8.0586000000000002,0.33445197343826294,-0.25434601306915283,-0.07743450254201889
8.0919000000000008,0.28570199012756348,-0.21549601852893829,-0.075334504246711731
8.1251999999999995,0.31870198249816895,-0.26184600591659546,-0.07068450003862381
8.1585000000000001,0.3017520010471344,-0.2240460216999054,-0.07743450254201889
8.1918000000000006,0.26860198378562927,-0.21414601802825928,-0.071284502744674683
8.2250999999999994,0.33430200815200806,-0.25869601964950562,-0.07368449866771698
8.2584,0.27100199460983276,-0.20634600520133972,-0.073084503412246704
8.2917000000000005,0.28720200061798096,-0.23859600722789764,-0.068734504282474518
8.3249999999999993,0.31495198607444763,-0.23454602062702179,-0.075934499502182007
8.3582999999999998,0.26815199851989746,-0.20289599895477295,-0.072784498333930969
8.3916000000000004,0.32095199823379517,-0.25644600391387939,-0.070834502577781677
8.4248999999999992,0.28090196847915649,-0.20844599604606628,-0.073834501206874847
8.4581999999999997,0.26590198278427124,-0.21534600853919983,-0.069184496998786926
8.4915000000000003,0.32125198841094971,-0.24369600415229797,-0.07443450391292572
8.5248000000000008,0.25945198535919189,-0.20274600386619568,-0.070534504950046539
8.5580999999999996,0.29575198888778687,-0.24309602379798889,-0.068434499204158783
8.5914000000000001,0.29350200295448303,-0.21609599888324738,-0.074884504079818726
8.6247000000000007,0.25630199909210205,-0.19899597764015198,-0.069784507155418396
8.6579999999999995,0.31825199723243713,-0.24789600074291229,-0.070834502577781677
8.6913,0.2632020115852356,-0.19629599153995514,-0.072184503078460693
8.7246000000000006,0.26965197920799255,-0.22074601054191589,-0.067384496331214905
8.7578999999999994,0.30595201253890991,-0.22749599814414978,-0.07368449866771698
8.7911999999999999,0.26140198111534119,-0.19374598562717438,-0.071134500205516815
8.8245000000000005,0.30205199122428894,-0.24204599857330322,-0.068284496665000916
8.8577999999999992,0.27580198645591736,-0.2016960084438324,-0.073534503579139709
8.8910999999999998,0.25150197744369507,-0.20034602284431458,-0.069034501910209656
8.9244000000000003,0.31120198965072632,-0.23589602112770081,-0.070834502577781677
8.9577000000000009,0.27505201101303101,-0.20064599812030792,-0.073384501039981842
8.9909999999999997,0.27535200119018555,-0.22524599730968475,-0.066784501075744629
9.0243000000000002,0.29050201177597046,-0.21174600720405579,-0.072934500873088837
9.0576000000000008,0.24970200657844543,-0.18729600310325623,-0.069934502243995667
9.0908999999999995,0.30340200662612915,-0.23724600672721863,-0.06858450174331665
9.1242000000000001,0.28945198655128479,-0.21144600212574005,-0.072934500873088837
9.1575000000000006,0.25120198726654053,-0.2021460086107254,-0.066634498536586761
9.1907999999999994,0.29995197057723999,-0.22329600155353546,-0.070984497666358948
9.2241,0.25855198502540588,-0.18774598836898804,-0.070984497666358948
9.2574000000000005,0.27850198745727539,-0.22554600238800049,-0.066034503281116486
9.2906999999999993,0.29740199446678162,-0.22014601528644562,-0.070384502410888672
9.3239999999999998,0.23935198783874512,-0.18429599702358246,-0.06768450140953064
9.3573000000000004,0.29815199971199036,-0.22719600796699524,-0.068734504282474518
9.3905999999999992,0.2713019847869873,-0.19614599645137787,-0.070984497666358948
9.4238999999999997,0.25210198760032654,-0.20394599437713623,-0.064534500241279602
9.4572000000000003,0.2932019829750061,-0.22434601187705994,-0.067234501242637634
9.4905000000000008,0.23695199191570282,-0.18729600310325623,-0.066184505820274353
9.5237999999999996,0.28240197896957397,-0.22224600613117218,-0.065284505486488342
9.5571000000000002,0.25510197877883911,-0.18354599177837372,-0.069934502243995667
9.5904000000000007,0.23290200531482697,-0.18294599652290344,-0.064984500408172607
9.6236999999999995,0.28780198097229004,-0.21489600837230682,-0.068284496665000916
9.657,0.23125198483467102,-0.17289599776268005,-0.066184505820274353
9.6903000000000006,0.25480198860168457,-0.20469601452350616,-0.063634499907493591
9.7235999999999994,0.26710197329521179,-0.19074597954750061,-0.069634504616260529
9.7568999999999999,0.23665198683738708,-0.18759599328041077,-0.063634499907493591
9.7902000000000005,0.27955198287963867,-0.21384601294994354,-0.065134502947330475
9.8234999999999992,0.23770198225975037,-0.17139598727226257,-0.06768450140953064
9.8567999999999998,0.23140199482440948,-0.18369600176811218,-0.063334502279758453
9.8901000000000003,0.27505201101303101,-0.19929598271846771,-0.067984506487846375
9.9234000000000009,0.22195199131965637,-0.16899599134922028,-0.06483449786901474
9.9566999999999997,0.25840198993682861,-0.20364601910114288,-0.063334502279758453
9.9900000000000002,0.2485019862651825,-0.17529599368572235,-0.068734504282474518
10.023300000000001,0.23785200715065002,-0.18849600851535797,-0.06258450448513031
10.0566,0.27295199036598206,-0.20244601368904114,-0.065134502947330475
10.0899,0.22120198607444763,-0.1602959930896759,-0.065584495663642883
10.123200000000001,0.23305198550224304,-0.18339599668979645,-0.062434501945972443
10.156499999999999,0.25735199451446533,-0.18309599161148071,-0.06768450140953064
10.1898,0.21760198473930359,-0.16779598593711853,-0.062434501945972443
10.223100000000001,0.25765198469161987,-0.19734598696231842,-0.06258450448513031
10.256399999999999,0.22960197925567627,-0.16089598834514618,-0.066034503281116486
10.2897,0.23920199275016785,-0.1874459832906723,-0.061384499073028564
10.323,0.26125198602676392,-0.18864598870277405,-0.065134502947330475
10.356299999999999,0.20830199122428894,-0.15234598517417908,-0.06258450448513031
10.3896,0.23305198550224304,-0.18159599602222443,-0.06078450009226799
10.4229,0.23905198276042938,-0.16629599034786224,-0.065284505486488342
10.456200000000001,0.21535198390483856,-0.16629599034786224,-0.061384499073028564
10.4895,0.25315198302268982,-0.18714597821235657,-0.062434501945972443
10.5228,0.21205198764801025,-0.14844599366188049,-0.063634499907493591
10.556100000000001,0.21010199189186096,-0.16089598834514618,-0.060184501111507416
10.589399999999999,0.24685199558734894,-0.17334599792957306,-0.06483449786901474
10.6227,0.20005199313163757,-0.14904598891735077,-0.062284506857395172
10.656000000000001,0.23395200073719025,-0.1793459951877594,-0.06063450500369072
10.689299999999999,0.22195199131965637,-0.15279600024223328,-0.064384505152702332
10.7226,0.19630199670791626,-0.14469599723815918,-0.061534501612186432
10.7559,0.24565199017524719,-0.1769459992647171,-0.062284506857395172
10.789199999999999,0.19945201277732849,-0.13959600031375885,-0.064234502613544464
10.8225,0.20890200138092041,-0.16044600307941437,-0.060184501111507416
10.8558,0.2323019951581955,-0.15939599275588989,-0.063784502446651459
10.889099999999999,0.19750200212001801,-0.13659599423408508,-0.061534501612186432
10.9224,0.2327519953250885,-0.17274598777294159,-0.059884499758481979
10.9557,0.20695200562477112,-0.14019599556922913,-0.063334502279758453
10.989000000000001,0.19150200486183167,-0.14154599606990814,-0.059284500777721405
11.0223,0.23485198616981506,-0.16464599967002869,-0.061684500426054001
11.0556,0.2047019898891449,-0.13854598999023438,-0.063034497201442719
11.088900000000001,0.20815198123455048,-0.15789599716663361,-0.058084499090909958
11.122199999999999,0.21580199897289276,-0.14499600231647491,-0.061384499073028564
11.1555,0.18445199728012085,-0.12879599630832672,-0.060334503650665283
11.188800000000001,0.22690197825431824,-0.16374599933624268,-0.059434495866298676
11.222099999999999,0.19045200943946838,-0.12804600596427917,-0.061384499073028564
11.2554,0.21265199780464172,-0.15819600224494934,-0.057034503668546677
11.2887,0.22165198624134064,-0.15024599432945251,-0.061684500426054001
11.321999999999999,0.17710199952125549,-0.12759599089622498,-0.058984499424695969
11.3553,0.20635199546813965,-0.15354600548744202,-0.057634502649307251
11.3886,0.19870200753211975,-0.13119599223136902,-0.061384499073028564
11.421900000000001,0.18970200419425964,-0.14124599099159241,-0.056884504854679108
11.4552,0.21805198490619659,-0.1512959897518158,-0.059434495866298676
11.4885,0.17635199427604675,-0.11919599771499634,-0.059134501963853836
11.521800000000001,0.20965199172496796,-0.15144599974155426,-0.057184506207704544
11.555099999999999,0.20650199055671692,-0.13659599423408508,-0.060484506189823151
11.5884,0.17215201258659363,-0.12369599193334579,-0.057184506207704544
11.621700000000001,0.20500199496746063,-0.14754599332809448,-0.05673450231552124
11.654999999999999,0.18340200185775757,-0.11919599771499634,-0.059884499758481979
11.6883,0.19075199961662292,-0.13929599523544312,-0.0559844970703125
11.7216,0.20785197615623474,-0.14124599099159241,-0.058534502983093262
11.754899999999999,0.16615200042724609,-0.11229600012302399,-0.057184506207704544
11.7882,0.20710198581218719,-0.13599599897861481,-0.055384505540132523
11.8215,0.19210200011730194,-0.12474598735570908,-0.059884499758481979
11.854799999999999,0.17170199751853943,-0.12489598989486694,-0.055534500628709793
11.8881,0.20410199463367462,-0.14334599673748016,-0.05673450231552124
11.9214,0.17185200750827789,-0.11214599758386612,-0.058534502983093262
11.954700000000001,0.19435200095176697,-0.1403459906578064,-0.055084504187107086
11.988,0.20185199379920959,-0.13359598815441132,-0.058534502983093262
12.0213,0.16285200417041779,-0.11364599317312241,-0.056434500962495804
12.054600000000001,0.19075199961662292,-0.1379459947347641,-0.055834501981735229
12.087899999999999,0.18265201151371002,-0.11739599704742432,-0.060034502297639847
12.1212,0.17560200393199921,-0.12744599580764771,-0.055534500628709793
12.154500000000001,0.20155198872089386,-0.13764598965644836,-0.057484500110149384
12.187799999999999,0.1637520045042038,-0.10734599828720093,-0.057934500277042389
12.2211,0.17125199735164642,-0.12399599701166153,-0.055084504187107086
12.2544,0.19150200486183167,-0.12324599176645279,-0.058834504336118698
12.287699999999999,0.15985199809074402,-0.11289598792791367,-0.055084504187107086
12.321,0.19105200469493866,-0.13344599306583405,-0.056134499609470367
12.3543,0.16930200159549713,-0.1074960008263588,-0.057784497737884521
12.387600000000001,0.15685200691223145,-0.11004599183797836,-0.055684499442577362
12.4209,0.19405199587345123,-0.12849599123001099,-0.057184506207704544
12.4542,0.15445199608802795,-0.10329599678516388,-0.055834501981735229
12.487500000000001,0.1747020035982132,-0.12519599497318268,-0.054784499108791351
12.520799999999999,0.18010200560092926,-0.11484599113464355,-0.057934500277042389
12.5541,0.15460200607776642,-0.10164599120616913,-0.0559844970703125
12.587400000000001,0.19270199537277222,-0.13074599206447601,-0.0559844970703125
12.620699999999999,0.16030201315879822,-0.10164599120616913,-0.05673450231552124
12.654,0.15790200233459473,-0.11259599775075912,-0.054334498941898346
12.6873,0.18685200810432434,-0.12069599330425262,-0.057484500110149384
12.720599999999999,0.15865200757980347,-0.10029599815607071,-0.056584499776363373
12.7539,0.1775519996881485,-0.1245959997177124,-0.054184503853321075
12.7872,0.16690200567245483,-0.10494599491357803,-0.056884504854679108
12.820499999999999,0.14650200307369232,-0.099695995450019836,-0.054034501314163208
12.8538,0.18700200319290161,-0.12219599634408951,-0.055834501981735229
12.8871,0.16600200533866882,-0.10284598916769028,-0.056884504854679108
12.920400000000001,0.15880200266838074,-0.11244599521160126,-0.05373450368642807
12.9537,0.1751520037651062,-0.10974599421024323,-0.05673450231552124
12.987,0.14740200340747833,-0.101795993745327,-0.054034501314163208
13.020300000000001,0.18055200576782227,-0.12039599567651749,-0.054634500294923782
13.053599999999999,0.15595200657844543,-0.095945991575717926,-0.056884504854679108
13.0869,0.16465200483798981,-0.11499599367380142,-0.053284503519535065
13.120200000000001,0.17860201001167297,-0.11439599841833115,-0.055834501981735229
13.153499999999999,0.14140200614929199,-0.092645987868309021,-0.054034501314163208
13.1868,0.17845200002193451,-0.11694599688053131,-0.054784499108791351
13.2201,0.1637520045042038,-0.10014599561691284,-0.056884504854679108
13.253399999999999,0.14770200848579407,-0.10209599882364273,-0.052834499627351761
13.2867,0.17455199360847473,-0.11499599367380142,-0.054184503853321075
13.32,0.14455200731754303,-0.088745996356010437,-0.055534500628709793
13.353300000000001,0.16570200026035309,-0.11199599504470825,-0.052834499627351761
13.3866,0.16930200159549713,-0.10539599508047104,-0.054934501647949219
13.4199,0.13570199906826019,-0.089645996689796448,-0.053884498775005341
13.453200000000001,0.17140200734138489,-0.10929600149393082,-0.054634500294923782
13.486499999999999,0.15205200016498566,-0.091895997524261475,-0.055684499442577362
13.5198,0.14770200848579407,-0.10164599120616913,-0.052684497088193893
13.553100000000001,0.16915199160575867,-0.10689599812030792,-0.054484497755765915
13.586399999999999,0.13540199398994446,-0.083645999431610107,-0.054034501314163208
13.6197,0.16390201449394226,-0.1074960008263588,-0.05298449844121933
13.653,0.15970200300216675,-0.096395991742610931,-0.055534500628709793
13.686299999999999,0.13255199790000916,-0.088745996356010437,-0.052534501999616623
13.7196,0.1642020046710968,-0.10239599645137787,-0.054034501314163208
13.7529,0.14200200140476227,-0.084545992314815521,-0.054934501647949219
13.786199999999999,0.14785200357437134,-0.10029599815607071,-0.051334500312805176
13.8195,0.1637520045042038,-0.10149599611759186,-0.054334498941898346
13.8528,0.12880200147628784,-0.07974599301815033,-0.053284503519535065
13.886100000000001,0.16150200366973877,-0.10389599949121475,-0.052534501999616623
13.9194,0.15010200440883636,-0.089645996689796448,-0.054784499108791351
13.9527,0.13315200805664062,-0.088895991444587708,-0.051634501665830612
13.986000000000001,0.15895199775695801,-0.10254599153995514,-0.053134500980377197
14.019299999999999,0.13315200805664062,-0.078996002674102783,-0.054334498941898346
14.0526,0.14935199916362762,-0.099395990371704102,-0.05178450420498848
14.085900000000001,0.15625199675559998,-0.094895996153354645,-0.053884498775005341
14.119199999999999,0.1256520003080368,-0.078546002507209778,-0.052234500646591187
14.1525,0.14665201306343079,-0.097745992243289948,-0.051484502851963043
14.1858,0.14260199666023254,-0.083345994353294373,-0.054484497755765915
14.219099999999999,0.13465200364589691,-0.08949599415063858,-0.05178450420498848
14.2524,0.15715199708938599,-0.097745992243289948,-0.053434502333402634
14.2857,0.12640200555324554,-0.074946001172065735,-0.053134500980377197
14.319000000000001,0.1313520073890686,-0.087395988404750824,-0.050884496420621872
14.3523,0.14935199916362762,-0.088445998728275299,-0.05373450368642807
14.3856,0.12265200912952423,-0.079445995390415192,-0.051934503018856049
14.418900000000001,0.14830200374126434,-0.096245989203453064,-0.051334500312805176
14.452199999999999,0.13315200805664062,-0.076895996928215027,-0.053434502333402634
14.4855,0.12115200608968735,-0.077045999467372894,-0.051334500312805176
14.518800000000001,0.15235200524330139,-0.092645987868309021,-0.053284503519535065
14.552099999999999,0.11980199813842773,-0.072246000170707703,-0.052084505558013916
14.5854,0.13300201296806335,-0.088295996189117432,-0.051184497773647308
14.6187,0.14095200598239899,-0.081245996057987213,-0.053584504872560501
14.651999999999999,0.11935200542211533,-0.070445999503135681,-0.052084505558013916
14.6853,0.14725199341773987,-0.086945995688438416,-0.053134500980377197
14.7186,0.12445200979709625,-0.07089599221944809,-0.053284503519535065
14.751899999999999,0.13795199990272522,-0.08949599415063858,-0.050584502518177032
14.7852,0.14545199275016785,-0.086045995354652405,-0.052534501999616623
14.8185,0.11440201103687286,-0.070445999503135681,-0.051334500312805176
14.851800000000001,0.14620199799537659,-0.089045986533164978,-0.05178450420498848
14.8851,0.1313520073890686,-0.07464599609375,-0.052834499627351761
14.9184,0.12265200912952423,-0.079895995557308197,-0.050134502351284027
14.951700000000001,0.1385519951581955,-0.07974599301815033,-0.052834499627351761
14.984999999999999,0.11680199950933456,-0.0665460005402565,-0.052234500646591187
15.0183,0.13840200006961823,-0.087395988404750824,-0.050734501332044601
15.051600000000001,0.13810200989246368,-0.079595997929573059,-0.053134500980377197
15.084899999999999,0.11200200021266937,-0.070745989680290222,-0.050284504890441895
15.1182,0.14200200140476227,-0.083345994353294373,-0.052234500646591187
15.1515,0.1228020042181015,-0.068945989012718201,-0.052834499627351761
15.184799999999999,0.1252020001411438,-0.080795988440513611,-0.050434499979019165
15.2181,0.13075199723243713,-0.073445998132228851,-0.05298449844121933
15.2514,0.11155200004577637,-0.065196000039577484,-0.051334500312805176
15.284700000000001,0.13885200023651123,-0.084395989775657654,-0.050884496420621872
15.318,0.13075199723243713,-0.073746003210544586,-0.052834499627351761
15.3513,0.11395200341939926,-0.07089599221944809,-0.050734501332044601
15.384600000000001,0.13705199956893921,-0.078546002507209778,-0.052534501999616623
15.417899999999999,0.11650200188159943,-0.064595997333526611,-0.051184497773647308
15.4512,0.12730200588703156,-0.080795988440513611,-0.050284504890441895
15.484500000000001,0.12310199439525604,-0.06864599883556366,-0.052384503185749054
15.517799999999999,0.10705200582742691,-0.063395999372005463,-0.051184497773647308
15.5511,0.13645200431346893,-0.081095993518829346,-0.051184497773647308
15.5844,0.12355200201272964,-0.068045996129512787,-0.051934503018856049
15.617699999999999,0.11320199817419052,-0.071946002542972565,-0.049384500831365585
15.651,0.13030199706554413,-0.072995997965335846,-0.052534501999616623
15.6843,0.10945199429988861,-0.060995995998382568,-0.051484502851963043
15.717599999999999,0.12895199656486511,-0.07839599996805191,-0.049984503537416458
15.7509,0.12940201163291931,-0.072845995426177979,-0.052234500646591187
15.7842,0.10420200973749161,-0.063096001744270325,-0.050434499979019165
15.817500000000001,0.13255199790000916,-0.076295994222164154,-0.051184497773647308
15.8508,0.11635199934244156,-0.063245996832847595,-0.05178450420498848
15.8841,0.11500199884176254,-0.071946002542972565,-0.049384500831365585
15.917400000000001,0.13165199756622314,-0.075695991516113281,-0.050584502518177032
15.950699999999999,0.103302001953125,-0.057095993310213089,-0.050884496420621872
15.984,0.12880200147628784,-0.076145991683006287,-0.050134502351284027
16.017299999999999,0.1223520040512085,-0.066245995461940765,-0.052084505558013916
16.050599999999999,0.10390200465917587,-0.063395999372005463,-0.04893450066447258
16.0839,0.12655200064182281,-0.075095996260643005,-0.050284504890441895
16.1172,0.10840199887752533,-0.058296002447605133,-0.051634501665830612
16.150500000000001,0.11740200221538544,-0.071946002542972565,-0.050284504890441895
16.183800000000002,0.12685200572013855,-0.070445999503135681,-0.051184497773647308
16.217099999999999,0.098502002656459808,-0.056646000593900681,-0.050434499979019165
16.250399999999999,0.114252008497715,-0.069995999336242676,-0.049984503537416458
16.2837,0.11500199884176254,-0.061145998537540436,-0.051484502851963043
16.317,0.10465200245380402,-0.06354600191116333,-0.050284504890441895
16.350300000000001,0.12445200979709625,-0.071946002542972565,-0.049984503537416458
16.383600000000001,0.10135199874639511,-0.054245997220277786,-0.050434499979019165
16.416899999999998,0.11890200525522232,-0.071195997297763824,-0.049834500998258591
16.450199999999999,0.10735200345516205,-0.057245992124080658,-0.051184497773647308
16.483499999999999,0.097002007067203522,-0.056496001780033112,-0.049234502017498016
16.5168,0.12385199964046478,-0.069095991551876068,-0.051334500312805176
16.5501,0.10690200328826904,-0.056345999240875244,-0.051484502851963043
16.583400000000001,0.10720200836658478,-0.065196000039577484,-0.049384500831365585
16.616700000000002,0.11380200088024139,-0.060845993459224701,-0.050884496420621872
16.649999999999999,0.095502004027366638,-0.051995992660522461,-0.050734501332044601
16.683299999999999,0.11950200796127319,-0.06954599916934967,-0.049534503370523453
16.7166,0.10135199874639511,-0.052896000444889069,-0.051484502851963043
16.7499,0.095951996743679047,-0.057095993310213089,-0.04893450066447258
16.783200000000001,0.11935200542211533,-0.064595997333526611,-0.050584502518177032
16.816500000000001,0.10030200332403183,-0.052295994013547897,-0.051184497773647308
16.849799999999998,0.10780199617147446,-0.065346002578735352,-0.048784501850605011
16.883099999999999,0.10690200328826904,-0.055295992642641068,-0.050584502518177032
16.916399999999999,0.091301999986171722,-0.049745999276638031,-0.049534503370523453
16.9497,0.1175520047545433,-0.065645992755889893,-0.049534503370523453
16.983000000000001,0.094301998615264893,-0.048545993864536285,-0.050434499979019165
17.016300000000001,0.096252001821994781,-0.056796003133058548,-0.048784501850605011
17.049600000000002,0.11245200783014297,-0.059195995330810547,-0.050884496420621872
17.082899999999999,0.093852005898952484,-0.048095997422933578,-0.051034498959779739
17.116199999999999,0.10945199429988861,-0.063845992088317871,-0.049534503370523453
17.1495,0.098802007734775543,-0.050495993345975876,-0.051034498959779739
17.1828,0.087701998651027679,-0.048695996403694153,-0.049834500998258591
17.216100000000001,0.11260201036930084,-0.060845993459224701,-0.050134502351284027
17.249400000000001,0.086801998317241669,-0.050046004354953766,-0.050734501332044601
17.282699999999998,0.096852004528045654,-0.056045997887849808,-0.048634503036737442
17.315999999999999,0.10405200719833374,-0.053196001797914505,-0.050284504890441895
17.349299999999999,0.08635200560092926,-0.044495996087789536,-0.049534503370523453
17.3826,0.10780199617147446,-0.060545992106199265,-0.049384500831365585
17.415900000000001,0.10450199991464615,-0.052295994013547897,-0.050734501332044601
17.449200000000001,0.086502000689506531,-0.048995997756719589,-0.049084503203630447
17.482500000000002,0.10705200582742691,-0.05589599534869194,-0.049684502184391022
17.515799999999999,0.091902002692222595,-0.045545998960733414,-0.050134502351284027
17.549099999999999,0.097152009606361389,-0.055595993995666504,-0.049234502017498016
17.5824,0.096852004528045654,-0.047495998442173004,-0.050284504890441895
17.6157,0.082302004098892212,-0.042845997959375381,-0.049684502184391022
17.649000000000001,0.10660199820995331,-0.057995997369289398,-0.049234502017498016
17.682300000000001,0.096852004528045654,-0.048095997422933578,-0.049684502184391022
17.715599999999998,0.086801998317241669,-0.048695996403694153,-0.04893450066447258
17.748899999999999,0.10345200449228287,-0.056045997887849808,-0.049684502184391022
17.7822,0.08560200035572052,-0.041795995086431503,-0.050734501332044601
17.8155,0.099102005362510681,-0.055445991456508636,-0.048484500497579575
17.848800000000001,0.10225200653076172,-0.051845990121364594,-0.049984503537416458
17.882100000000001,0.080201998353004456,-0.042695995420217514,-0.049234502017498016
17.915400000000002,0.10495200008153915,-0.05394599586725235,-0.049384500831365585
17.948699999999999,0.091002002358436584,-0.044795997440814972,-0.050284504890441895
17.981999999999999,0.088302001357078552,-0.049745999276638031,-0.048484500497579575
18.0153,0.10315199941396713,-0.054395996034145355,-0.050134502351284027
18.0486,0.080201998353004456,-0.040145996958017349,-0.049234502017498016
18.081900000000001,0.10060200840234756,-0.048995997756719589,-0.048784501850605011
18.115200000000002,0.098052002489566803,-0.048995997756719589,-0.049834500998258591
18.148499999999999,0.080802008509635925,-0.044195994734764099,-0.048784501850605011
18.181799999999999,0.10165200382471085,-0.051095999777317047,-0.049834500998258591
18.2151,0.077802002429962158,-0.040445998311042786,-0.048784501850605011
18.2484,0.091301999986171722,-0.051245998591184616,-0.047884501516819
18.281700000000001,0.092352002859115601,-0.044345997273921967,-0.050434499979019165
18.315000000000001,0.077501997351646423,-0.040145996958017349,-0.049534503370523453
18.348299999999998,0.10075201094150543,-0.053045999258756638,-0.049084503203630447
18.381599999999999,0.081402003765106201,-0.039545997977256775,-0.049684502184391022
18.414899999999999,0.081852003931999207,-0.045395996421575546,-0.048334501683712006
18.4482,0.09745199978351593,-0.048395995050668716,-0.049834500998258591
18.4815,0.076452001929283142,-0.040295995771884918,-0.049684502184391022
18.514800000000001,0.092502005398273468,-0.05169600248336792,-0.048634503036737442
18.548100000000002,0.086052000522613525,-0.040596000850200653,-0.049684502184391022
18.581399999999999,0.075701996684074402,-0.039095994085073471,-0.049234502017498016
18.614699999999999,0.098802007734775543,-0.050495993345975876,-0.048634503036737442
18.648,0.076002001762390137,-0.036845996975898743,-0.048634503036737442
18.6813,0.083052001893520355,-0.045395996421575546,-0.048634503036737442
18.714600000000001,0.092352002859115601,-0.043295994400978088,-0.050134502351284027
18.747900000000001,0.076302006840705872,-0.036245997995138168,-0.049534503370523453
18.781199999999998,0.094151996076107025,-0.050046004354953766,-0.047884501516819
18.814499999999999,0.080352000892162323,-0.036845996975898743,-0.049234502017498016
18.847799999999999,0.075252003967761993,-0.039995994418859482,-0.048184502869844437
18.8811,0.096402004361152649,-0.047045998275279999,-0.049984503537416458
18.914400000000001,0.072402000427246094,-0.036695994436740875,-0.049234502017498016
18.947700000000001,0.085002005100250244,-0.046145997941493988,-0.048484500497579575
18.981000000000002,0.08560200035572052,-0.040145996958017349,-0.050284504890441895
19.014299999999999,0.071952000260353088,-0.034745998680591583,-0.04893450066447258
19.047599999999999,0.093702003359794617,-0.048095997422933578,-0.049084503203630447
19.0809,0.074802003800868988,-0.034595999866724014,-0.048784501850605011
19.1142,0.076002001762390137,-0.040596000850200653,-0.048184502869844437
19.147500000000001,0.090552002191543579,-0.042396001517772675,-0.049384500831365585
19.180800000000001,0.070452004671096802,-0.033695995807647705,-0.04893450066447258
19.214099999999998,0.086801998317241669,-0.045695997774600983,-0.047734502702951431
19.247399999999999,0.078702002763748169,-0.034895993769168854,-0.049084503203630447
19.2807,0.070002004504203796,-0.035195998847484589,-0.047884501516819
19.314,0.090102002024650574,-0.044195994734764099,-0.049084503203630447
19.347300000000001,0.069852001965045929,-0.032645996659994125,-0.048484500497579575
19.380600000000001,0.077352002263069153,-0.04104599729180336,-0.048034500330686569
19.413900000000002,0.084251999855041504,-0.03804599866271019,-0.049234502017498016
19.447199999999999,0.069402001798152924,-0.031445998698472977,-0.04893450066447258
19.480499999999999,0.087852001190185547,-0.044345997273921967,-0.048484500497579575
19.5138,0.073002003133296967,-0.032045997679233551,-0.049834500998258591
19.5471,0.069251999258995056,-0.035195998847484589,-0.048184502869844437
19.580400000000001,0.086052000522613525,-0.040596000850200653,-0.049534503370523453
19.613700000000001,0.073452003300189972,-0.031595997512340546,-0.049534503370523453
19.646999999999998,0.079452000558376312,-0.041345998644828796,-0.048184502869844437
19.680299999999999,0.085302002727985382,-0.040145996958017349,-0.049084503203630447
19.7136,0.065802000463008881,-0.030395995825529099,-0.048634503036737442
19.7469,0.085902005434036255,-0.041795995086431503,-0.049084503203630447
19.780200000000001,0.077802002429962158,-0.033245999366044998,-0.050284504890441895
19.813500000000001,0.068952001631259918,-0.035645995289087296,-0.048484500497579575
19.846800000000002,0.081552006304264069,-0.036695994436740875,-0.049234502017498016
19.880099999999999,0.067152008414268494,-0.028895998373627663,-0.049384500831365585
19.913399999999999,0.079452000558376312,-0.040445998311042786,-0.048334501683712006
19.9467,0.081252001225948334,-0.036695994436740875,-0.049534503370523453
19.98,0.063101999461650848,-0.030095998197793961,-0.048184502869844437
20.013300000000001,0.083202004432678223,-0.038345996290445328,-0.049234502017498016
20.046600000000002,0.063101999461650848,-0.027245998382568359,-0.048334501683712006
20.079899999999999,0.070452004671096802,-0.036095999181270599,-0.047734502702951431
20.113199999999999,0.075701996684074402,-0.032495997846126556,-0.049834500998258591
20.1465,0.063851997256278992,-0.031145995482802391,-0.048034500330686569
20.1798,0.080052003264427185,-0.03819599375128746,-0.048484500497579575
20.213100000000001,0.064602002501487732,-0.026795998215675354,-0.048634503036737442
20.246400000000001,0.06265200674533844,-0.029495995491743088,-0.048184502869844437
20.279699999999998,0.078102007508277893,-0.033995997160673141,-0.049234502017498016
20.312999999999999,0.059202004224061966,-0.026945997029542923,-0.048784501850605011
20.346299999999999,0.072102002799510956,-0.035496000200510025,-0.048334501683712006
20.3796,0.068952001631259918,-0.027395997196435928,-0.049384500831365585
20.4129,0.065502002835273743,-0.032045997679233551,-0.048784501850605011
20.446200000000001,0.077501997351646423,-0.034595999866724014,-0.04893450066447258
20.479500000000002,0.059652000665664673,-0.02424599789083004,-0.048184502869844437
20.512799999999999,0.06280200183391571,-0.030695999041199684,-0.048184502869844437
20.546099999999999,0.072402000427246094,-0.029795998707413673,-0.049234502017498016
20.5794,0.057702004909515381,-0.026345998048782349,-0.048334501683712006
20.6127,0.072252005338668823,-0.03414599597454071,-0.048634503036737442
20.646000000000001,0.062502004206180573,-0.023945996537804604,-0.048784501850605011
20.679300000000001,0.065952003002166748,-0.031445998698472977,-0.048484500497579575
20.712599999999998,0.074051998555660248,-0.031445998698472977,-0.049084503203630447
20.745899999999999,0.055002003908157349,-0.022745996713638306,-0.04893450066447258
20.779199999999999,0.064751997590065002,-0.031145995482802391,-0.048184502869844437
20.8125,0.066402003169059753,-0.02619599737226963,-0.049084503203630447
20.845800000000001,0.058452002704143524,-0.026345998048782349,-0.048334501683712006
20.879100000000001,0.072102002799510956,-0.032345999032258987,-0.049234502017498016
20.912400000000002,0.058152001351118088,-0.02139599621295929,-0.048784501850605011
20.945699999999999,0.057252001017332077,-0.025895997881889343,-0.048184502869844437
20.978999999999999,0.069102004170417786,-0.027395997196435928,-0.049684502184391022
21.0123,0.052152000367641449,-0.022145997732877731,-0.048634503036737442
21.0456,0.066702000796794891,-0.029645998030900955,-0.048184502869844437
21.078900000000001,0.059952002018690109,-0.022895997390151024,-0.049534503370523453
21.112200000000001,0.060552000999450684,-0.027695998549461365,-0.049084503203630447
21.145499999999998,0.070151999592781067,-0.029945995658636093,-0.048034500330686569
21.178799999999999,0.052602004259824753,-0.019745996221899986,-0.048634503036737442
21.2121,0.058752000331878662,-0.026945997029542923,-0.048184502869844437
21.2454,0.064602002501487732,-0.024395996704697609,-0.049084503203630447
21.278700000000001,0.052751999348402023,-0.018695998936891556,-0.048784501850605011
21.312000000000001,0.067902006208896637,-0.029495995491743088,-0.048334501683712006
21.345300000000002,0.055452000349760056,-0.019745996221899986,-0.048784501850605011
21.378599999999999,0.052452005445957184,-0.022595997899770737,-0.047884501516819
21.411899999999999,0.067302003502845764,-0.026645997539162636,-0.048634503036737442
21.4452,0.050502002239227295,-0.019895996898412704,-0.048634503036737442
21.4785,0.061152003705501556,-0.027395997196435928,-0.048484500497579575
21.511800000000001,0.059652000665664673,-0.021095996722579002,-0.049084503203630447
21.545100000000001,0.049302000552415848,-0.018995996564626694,-0.048334501683712006
21.578399999999998,0.067002005875110626,-0.027095997706055641,-0.049534503370523453
21.611699999999999,0.051102001219987869,-0.017945995554327965,-0.049384500831365585
21.645,0.054252006113529205,-0.023495996370911598,-0.048334501683712006
21.6783,0.063252002000808716,-0.023645997047424316,-0.049234502017498016
21.711600000000001,0.051402002573013306,-0.017945995554327965,-0.049234502017498016
21.744900000000001,0.064001999795436859,-0.026645997539162636,-0.048484500497579575
21.778199999999998,0.055302001535892487,-0.019145999103784561,-0.048784501850605011
21.811499999999999,0.04900200292468071,-0.020045999437570572,-0.048784501850605011
21.844799999999999,0.065352007746696472,-0.024845996871590614,-0.049084503203630447
21.8781,0.04900200292468071,-0.018095996230840683,-0.048634503036737442
21.9114,0.065502002835273743,-0.026495996862649918,-0.04893450066447258
21.944700000000001,0.058602005243301392,-0.021095996722579002,-0.049684502184391022
21.978000000000002,0.050952006131410599,-0.020795997232198715,-0.048334501683712006
22.011299999999999,0.064302004873752594,-0.025895997881889343,-0.049084503203630447
22.044599999999999,0.050052005797624588,-0.016895998269319534,-0.049534503370523453
22.0779,0.060102004557847977,-0.02529599703848362,-0.048034500330686569
22.1112,0.062502004206180573,-0.022895997390151024,-0.049234502017498016
22.144500000000001,0.047052003443241119,-0.017945995554327965,-0.047884501516819
22.177800000000001,0.062951996922492981,-0.023945996537804604,-0.04893450066447258
22.211099999999998,0.053651999682188034,-0.017795998603105545,-0.049234502017498016
22.244399999999999,0.052751999348402023,-0.022445997223258018,-0.048034500330686569
22.277699999999999,0.062352001667022705,-0.023795997723937035,-0.049384500831365585
22.311,0.045552004128694534,-0.015545996837317944,-0.049084503203630447
22.3443,0.061902005225419998,-0.024995997548103333,-0.048784501850605011
22.377600000000001,0.057102002203464508,-0.020045999437570572,-0.049684502184391022
22.410900000000002,0.047651998698711395,-0.019295996055006981,-0.048484500497579575
22.444199999999999,0.059952002018690109,-0.021845996379852295,-0.048784501850605011
22.477499999999999,0.048702001571655273,-0.015395996160805225,-0.04893450066447258
22.5108,0.056052006781101227,-0.022895997390151024,-0.048484500497579575
22.5441,0.059202004224061966,-0.021095996722579002,-0.049234502017498016
22.577400000000001,0.044052004814147949,-0.01494599599391222,-0.049084503203630447
22.610700000000001,0.060702003538608551,-0.022895997390151024,-0.049234502017498016
22.643999999999998,0.051252000033855438,-0.015995997935533524,-0.049384500831365585
22.677299999999999,0.049451999366283417,-0.020195996388792992,-0.048334501683712006
22.710599999999999,0.060702003538608551,-0.022145997732877731,-0.049234502017498016
22.7439,0.044352002441883087,-0.014045998454093933,-0.048334501683712006
22.777200000000001,0.058002002537250519,-0.0222959965467453,-0.049084503203630447
22.810500000000001,0.055302001535892487,-0.018095996230840683,-0.049984503537416458
22.843800000000002,0.04420199990272522,-0.015995997935533524,-0.048184502869844437
22.877099999999999,0.057552002370357513,-0.019895996898412704,-0.048484500497579575
22.910399999999999,0.046902000904083252,-0.013595998287200928,-0.049234502017498016
22.9437,0.051402002573013306,-0.02034599706530571,-0.049234502017498016
22.977,0.05680200457572937,-0.019295996055006981,-0.049384500831365585
23.010300000000001,0.041502002626657486,-0.013295996002852917,-0.048484500497579575
23.043600000000001,0.050802003592252731,-0.019445996731519699,-0.048484500497579575
23.076899999999998,0.050202000886201859,-0.015395996160805225,-0.049234502017498016
23.110199999999999,0.045702002942562103,-0.017045998945832253,-0.048634503036737442
23.1435,0.056352000683546066,-0.020045999437570572,-0.049384500831365585
23.1768,0.042852003127336502,-0.012095997110009193,-0.049234502017498016
23.210100000000001,0.053651999682188034,-0.020945996046066284,-0.048784501850605011
23.243400000000001,0.053651999682188034,-0.016145998612046242,-0.049834500998258591
23.276700000000002,0.04120200127363205,-0.013895997777581215,-0.048784501850605011
23.309999999999999,0.053502004593610764,-0.019445996731519699,-0.049684502184391022
23.343299999999999,0.04420199990272522,-0.012245997786521912,-0.04893450066447258
23.3766,0.04795200377702713,-0.012545997276902199,-0.048484500497579575
23.4099,0.054702002555131912,-0.01839599572122097,-0.049384500831365585
23.443200000000001,0.038652002811431885,-0.011045997962355614,-0.048784501850605011
23.476500000000001,0.046602003276348114,-0.017195995897054672,-0.048334501683712006
23.509799999999998,0.047502003610134125,-0.013895997777581215,-0.049984503537416458
23.543099999999999,0.04120200127363205,-0.01434599794447422,-0.048784501850605011
23.5764,0.05305200070142746,-0.01824599876999855,-0.049234502017498016
23.6097,0.04015200212597847,-0.010745996609330177,-0.049384500831365585
23.643000000000001,0.040602002292871475,-0.013745996169745922,-0.048634503036737442
23.676300000000001,0.043002001941204071,-0.010895997285842896,-0.049534503370523453
23.709599999999998,0.037452004849910736,-0.011645996943116188,-0.048784501850605011
23.742899999999999,0.051851999014616013,-0.016745995730161667,-0.049384500831365585
23.776199999999999,0.043302007019519806,-0.011645996943116188,-0.049234502017498016
23.8095,0.043602000921964645,-0.014495998620986938,-0.049234502017498016
23.8428,0.046152003109455109,-0.011945998296141624,-0.049984503537416458
23.876100000000001,0.036552004516124725,-0.009095996618270874,-0.049534503370523453
23.909400000000002,0.049602001905441284,-0.015995997935533524,-0.049084503203630447
23.942699999999999,0.045702002942562103,-0.011945998296141624,-0.049534503370523453
23.975999999999999,0.038052000105381012,-0.011795997619628906,-0.04893450066447258
24.0093,0.048702001571655273,-0.013745996169745922,-0.049684502184391022
24.0426,0.037601999938488007,-0.0087959971278905869,-0.049234502017498016
24.075900000000001,0.044802002608776093,-0.015545996837317944,-0.049234502017498016
24.109200000000001,0.04120200127363205,-0.0095459967851638794,-0.050134502351284027
24.142499999999998,0.033852003514766693,-0.009095996618270874,-0.049084503203630447
24.175799999999999,0.049152005463838577,-0.014495998620986938,-0.049234502017498016
24.209099999999999,0.04015200212597847,-0.0095459967851638794,-0.049384500831365585
24.2424,0.039402000606060028,-0.012545997276902199,-0.048784501850605011
24.275700000000001,0.043902002274990082,-0.01044599711894989,-0.049234502017498016
24.309000000000001,0.034002002328634262,-0.0072959973476827145,-0.04893450066447258
24.342300000000002,0.046602003276348114,-0.014645996503531933,-0.049384500831365585
24.375599999999999,0.036702003329992294,-0.0072959973476827145,-0.049834500998258591
24.408899999999999,0.034752003848552704,-0.0092459972947835922,-0.04893450066447258
24.4422,0.045552004128694534,-0.012245997786521912,-0.050134502351284027
24.4755,0.035652004182338715,-0.0069959969259798527,-0.049834500998258591
24.508800000000001,0.040902003645896912,-0.013145998120307922,-0.049384500831365585
24.542100000000001,0.03910200297832489,-0.0081959981471300125,-0.049534503370523453
24.575399999999998,0.03130200132727623,-0.0062459977343678474,-0.049084503203630447
24.608699999999999,0.04495200514793396,-0.012395995669066906,-0.049984503537416458
24.641999999999999,0.03910200297832489,-0.0075959963724017143,-0.050884496420621872
24.6753,0.035502001643180847,-0.0098459962755441666,-0.049234502017498016
24.708600000000001,0.041802003979682922,-0.009395998902618885,-0.050434499979019165
24.741900000000001,0.031902004033327103,-0.0059459968470036983,-0.049684502184391022
24.775200000000002,0.04210200160741806,-0.011795997619628906,-0.050134502351284027
24.808499999999999,0.04120200127363205,-0.0087959971278905869,-0.049984503537416458
24.841799999999999,0.030552003532648087,-0.007445997092872858,-0.049834500998258591
24.8751,0.043452002108097076,-0.010595997795462608,-0.049984503537416458
24.9084,0.034302003681659698,-0.005495996680110693,-0.049834500998258591
24.941700000000001,0.037151999771595001,-0.0096959974616765976,-0.050284504890441895
24.975000000000001,0.04210200160741806,-0.0099959969520568848,-0.049684502184391022
25.008299999999998,0.029502000659704208,-0.0053459974005818367,-0.049834500998258591
25.041599999999999,0.042702000588178635,-0.010895997285842896,-0.050584502518177032
25.0749,0.03610200434923172,-0.0066959979012608528,-0.049834500998258591
25.1082,0.031752001494169235,-0.0072959973476827145,-0.050134502351284027
25.141500000000001,0.041052002459764481,-0.010145997628569603,-0.049834500998258591
25.174800000000001,0.029652003198862076,-0.0042959973216056824,-0.050134502351284027
25.208100000000002,0.038952000439167023,-0.01044599711894989,-0.049984503537416458
25.241399999999999,0.038502000272274017,-0.0075959963724017143,-0.050884496420621872
25.274699999999999,0.028452003374695778,-0.0047459974884986877,-0.050284504890441895
25.308,0.037902005016803741,-0.009395998902618885,-0.049534503370523453
25.3413,0.031752001494169235,-0.0050459965132176876,-0.051034498959779739
25.374600000000001,0.033852003514766693,-0.0084959967061877251,-0.049834500998258591
25.407900000000001,0.039252005517482758,-0.0086459983140230179,-0.050884496420621872
25.441199999999998,0.027102002874016762,-0.0035459965001791716,-0.050584502518177032
25.474499999999999,0.039852000772953033,-0.0081959981471300125,-0.049834500998258591
25.5078,0.028452003374695778,-0.0036959976423531771,-0.049834500998258591
25.5411,0.02920200303196907,-0.0059459968470036983,-0.049834500998258591
25.574400000000001,0.037752002477645874,-0.0063959970138967037,-0.050734501332044601
25.607700000000001,0.026652002707123756,-0.004445997066795826,-0.050284504890441895
25.640999999999998,0.035652004182338715,-0.0080459965392947197,-0.050584502518177032
25.674299999999999,0.030702004209160805,-0.0029459968209266663,-0.049684502184391022
25.707599999999999,0.025902003049850464,-0.003845997154712677,-0.050734501332044601
25.7409,0.037302002310752869,-0.0071459980681538582,-0.050884496420621872
25.7742,0.026202002540230751,-0.0024959966540336609,-0.050134502351284027
25.807500000000001,0.030552003532648087,-0.0065459967590868473,-0.050884496420621872
25.840800000000002,0.032952003180980682,-0.004445997066795826,-0.050134502351284027
25.874099999999999,0.026652002707123756,-0.0042959973216056824,-0.050284504890441895
25.907399999999999,0.035052001476287842,-0.0062459977343678474,-0.050884496420621872
25.9407,0.026652002707123756,-0.0014459968078881502,-0.050284504890441895
25.974,0.026052003726363182,-0.0035459965001791716,-0.050584502518177032
26.007300000000001,0.034752003848552704,-0.0048959972336888313,-0.051634501665830612
26.040600000000001,0.021852001547813416,-0.0020459978841245174,-0.050284504890441895
26.073899999999998,0.031452003866434097,-0.0063959970138967037,-0.051034498959779739
26.107199999999999,0.027852002531290054,-0.0018959969747811556,-0.051184497773647308
26.140499999999999,0.027102002874016762,-0.0015959978336468339,-0.051034498959779739
26.1738,0.034452002495527267,-0.0051959976553916931,-0.051034498959779739
26.207100000000001,0.022752001881599426,-0.00024599730386398733,-0.050584502518177032
26.240400000000001,0.02725200355052948,-0.0041459975764155388,-0.050584502518177032
26.273700000000002,0.029952000826597214,-0.0030959979631006718,-0.051034498959779739
26.306999999999999,0.02335200272500515,-0.002345997141674161,-0.050584502518177032
26.340299999999999,0.033252004534006119,-0.0051959976553916931,-0.051484502851963043
26.3736,0.023952001705765724,-0.00069599749986082315,-0.050884496420621872
26.4069,0.022902002558112144,-0.002195997629314661,-0.051034498959779739
26.440200000000001,0.031452003866434097,-0.0039959968999028206,-0.051334500312805176
26.473500000000001,0.020802002400159836,-9.599774784874171e-05,-0.051034498959779739
26.506799999999998,0.028452003374695778,-0.0045959977433085442,-0.050734501332044601
26.540099999999999,0.026052003726363182,-0.00084599701222032309,-0.051484502851963043
26.573399999999999,0.020202001556754112,-9.599774784874171e-05,-0.050584502518177032
26.6067,0.031602002680301666,-0.004445997066795826,-0.051034498959779739
26.640000000000001,0.020952001214027405,0.00065400300081819296,-0.051184497773647308
26.673300000000001,0.023502001538872719,-0.0029459968209266663,-0.051484502851963043
26.706600000000002,0.028002003207802773,-0.0018959969747811556,-0.051034498959779739
26.739899999999999,0.020652001723647118,0.0011040031677111983,-0.050884496420621872
26.773199999999999,0.029502000659704208,-0.0042959973216056824,-0.051334500312805176
26.8065,0.021552002057433128,0.0011040031677111983,-0.050584502518177032
26.8398,0.020052004605531693,-9.599774784874171e-05,-0.051634501665830612
26.873100000000001,0.028602004051208496,-0.0029459968209266663,-0.051034498959779739
26.906400000000001,0.02140200138092041,0.00095400214195251465,-0.051934503018856049
26.939699999999998,0.024702003225684166,-0.0027959973085671663,-0.050884496420621872
26.972999999999999,0.024102002382278442,0.00095400214195251465,-0.051334500312805176
27.0063,0.01735200360417366,0.0017040029633790255,-0.051184497773647308
27.0396,0.028152003884315491,-0.0018959969747811556,-0.051934503018856049
27.072900000000001,0.018402000889182091,0.0011040031677111983,-0.051484502851963043
27.106200000000001,0.01945200189948082,-0.00024599730386398733,-0.051184497773647308
27.139500000000002,0.025752002373337746,0.00035400240449234843,-0.052084505558013916
27.172799999999999,0.018102001398801804,0.0027540028095245361,-0.05178450420498848
27.206099999999999,0.024852002039551735,-0.002195997629314661,-0.05178450420498848
27.2394,0.024252003058791161,0.00020400286302901804,-0.05178450420498848
27.2727,0.016902003437280655,0.0020040019880980253,-0.051334500312805176
27.306000000000001,0.026502002030611038,-0.00069599749986082315,-0.051484502851963043
27.339300000000001,0.016002003103494644,0.0024540021549910307,-0.051184497773647308
27.372599999999998,0.025602003559470177,-0.00039599687443114817,-0.051484502851963043
27.405899999999999,0.022752001881599426,0.0017040029633790255,-0.051934503018856049
27.4392,0.017952004447579384,0.0008040025713853538,-0.050884496420621872
27.4725,0.026052003726363182,-0.00084599701222032309,-0.051934503018856049
27.505800000000001,0.016152000054717064,0.0033540024887770414,-0.051484502851963043
27.539100000000001,0.023952001705765724,-0.0017459973460063338,-0.051634501665830612
27.572399999999998,0.023202002048492432,0.0011040031677111983,-0.051934503018856049
27.605699999999999,0.014952001161873341,0.0018540024757385254,-0.05178450420498848
27.638999999999999,0.023502001538872719,-0.00054599792929366231,-0.052384503185749054
27.6723,0.018102001398801804,0.0032040029764175415,-0.052834499627351761
27.7056,0.01945200189948082,0.00065400300081819296,-0.051934503018856049
27.738900000000001,0.023052003234624863,0.00020400286302901804,-0.05178450420498848
27.772200000000002,0.014652001671493053,0.0038040026556700468,-0.052084505558013916
27.805499999999999,0.023802002891898155,-0.00024599730386398733,-0.052534501999616623
27.838799999999999,0.019902002066373825,0.0030540034640580416,-0.052534501999616623
27.8721,0.015852000564336777,0.0018540024757385254,-0.051484502851963043
27.9054,0.022902002558112144,0.00020400286302901804,-0.052234500646591187
27.938700000000001,0.013902002945542336,0.0042540030553936958,-0.052084505558013916
27.972000000000001,0.021552002057433128,-9.599774784874171e-05,-0.052684497088193893
28.005299999999998,0.021702002733945847,0.0023040026426315308,-0.052084505558013916
28.038599999999999,0.012402001768350601,0.0039540030993521214,-0.051934503018856049
28.071899999999999,0.021852001547813416,0.0015540033346042037,-0.051934503018856049
28.1052,0.015702003613114357,0.0041040023788809776,-0.052084505558013916
28.138500000000001,0.016752000898122787,0.0012540027964860201,-0.051634501665830612
28.171800000000001,0.022152002900838852,0.0017040029633790255,-0.053134500980377197
28.205100000000002,0.012702003121376038,0.004554002545773983,-0.052084505558013916
28.238399999999999,0.020952001214027405,0.0008040025713853538,-0.05178450420498848
28.271699999999999,0.018252003937959671,0.0042540030553936958,-0.052534501999616623
28.305,0.013752001337707043,0.0023040026426315308,-0.05178450420498848
28.3383,0.020802002400159836,0.0012540027964860201,-0.053134500980377197
28.371600000000001,0.013602000661194324,0.004554002545773983,-0.053434502333402634
28.404900000000001,0.019152004271745682,0.0012540027964860201,-0.05178450420498848
28.438199999999998,0.020202001556754112,0.0032040029764175415,-0.053134500980377197
28.471499999999999,0.011052001267671585,0.0038040026556700468,-0.051934503018856049
28.504799999999999,0.018702004104852676,0.00140400230884552,-0.052234500646591187
28.5381,0.014802003279328346,0.0042540030553936958,-0.052234500646591187
28.571400000000001,0.015102001838386059,0.0026040032971650362,-0.052384503185749054
28.604700000000001,0.020052004605531693,0.0018540024757385254,-0.051934503018856049
28.638000000000002,0.010602002963423729,0.0062040030024945736,-0.05178450420498848
28.671299999999999,0.014802003279328346,0.0029040023218840361,-0.052384503185749054
28.704599999999999,0.016752000898122787,0.0039540030993521214,-0.052534501999616623
28.7379,0.010902001522481441,0.0039540030993521214,-0.05178450420498848
28.7712,0.018852001056075096,0.0026040032971650362,-0.053284503519535065
28.804500000000001,0.011652002111077309,0.0062040030024945736,-0.052084505558013916
28.837800000000001,0.010602002963423729,0.0044040023349225521,-0.052234500646591187
28.871099999999998,0.017052000388503075,0.003504002932459116,-0.05298449844121933
28.904399999999999,0.0094020012766122818,0.0059040025807917118,-0.052084505558013916
28.9377,0.015252003446221352,0.0030540034640580416,-0.052534501999616623
28.971,0.012702003121376038,0.0062040030024945736,-0.052834499627351761
29.004300000000001,0.0083520021289587021,0.0054540028795599937,-0.052084505558013916
29.037600000000001,0.016602000221610069,0.003504002932459116,-0.052684497088193893
29.070900000000002,0.0077520022168755531,0.0069540021941065788,-0.052534501999616623
29.104199999999999,0.016002003103494644,0.0032040029764175415,-0.052834499627351761
29.137499999999999,0.013752001337707043,0.0056040026247501373,-0.05298449844121933
29.1708,0.0080520007759332657,0.0057540028356015682,-0.053284503519535065
29.2041,0.015102001838386059,0.0056040026247501373,-0.052684497088193893
29.237400000000001,0.0095520010218024254,0.0069540021941065788,-0.052384503185749054
29.270700000000001,0.013152003288269043,0.0042540030553936958,-0.053134500980377197
29.303999999999998,0.010302001610398293,0.0066540027037262917,-0.05298449844121933
29.337299999999999,0.0065520023927092552,0.0065040029585361481,-0.053284503519535065
29.3706,0.014802003279328346,0.0048540025018155575,-0.05373450368642807
29.4039,0.010302001610398293,0.0069540021941065788,-0.052684497088193893
29.437200000000001,0.0089520011097192764,0.0056040026247501373,-0.053434502333402634
29.470500000000001,0.012102001346647739,0.0063540027476847172,-0.053284503519535065
29.503799999999998,0.0059520015493035316,0.0078540025278925896,-0.053434502333402634
29.537099999999999,0.013002002611756325,0.0047040032222867012,-0.052234500646591187
29.570399999999999,0.0071520023047924042,0.0078540025278925896,-0.052684497088193893
29.6037,0.006402001716196537,0.0063540027476847172,-0.052084505558013916
29.637,0.012552002444863319,0.0057540028356015682,-0.053134500980377197
29.670300000000001,0.0068520018830895424,0.0074040023609995842,-0.052534501999616623
29.703600000000002,0.010152002796530724,0.0056040026247501373,-0.053434502333402634
29.736899999999999,0.0092520024627447128,0.0072540030814707279,-0.053284503519535065
29.770199999999999,0.0043020015582442284,0.0080040032044053078,-0.053434502333402634
29.8035,0.012402001768350601,0.005154002457857132,-0.053284503519535065
29.8368,0.0046020015142858028,0.0089040026068687439,-0.05298449844121933
29.870100000000001,0.0068520018830895424,0.0062040030024945736,-0.053284503519535065
29.903400000000001,0.010152002796530724,0.0072540030814707279,-0.053284503519535065
29.936699999999998,0.0044520022347569466,0.0087540028616786003,-0.053134500980377197
29.969999999999999,0.010302001610398293,0.0060540027916431427,-0.053134500980377197
30.003299999999999,0.0059520015493035316,0.0092040020972490311,-0.053434502333402634
30.0366,0.0050520016811788082,0.0077040023170411587,-0.053434502333402634
30.069900000000001,0.010902001522481441,0.0066540027037262917,-0.052684497088193893
30.103200000000001,0.0056520020589232445,0.0084540024399757385,-0.053584504872560501
30.136500000000002,0.0076020024716854095,0.0063540027476847172,-0.052534501999616623
30.169799999999999,0.0067020021378993988,0.0078540025278925896,-0.05298449844121933
30.203099999999999,0.0025020018219947815,0.0089040026068687439,-0.052834499627351761
30.2364,0.010152002796530724,0.0063540027476847172,-0.053134500980377197
30.2697,0.0067020021378993988,0.0089040026068687439,-0.052834499627351761
30.303000000000001,0.0046020015142858028,0.0074040023609995842,-0.053284503519535065
30.336300000000001,0.0089520011097192764,0.0078540025278925896,-0.05298449844121933
30.369599999999998,0.002202001865953207,0.0087540028616786003,-0.053434502333402634
30.402899999999999,0.0082020023837685585,0.0066540027037262917,-0.052834499627351761
30.436199999999999,0.0076020024716854095,0.0078540025278925896,-0.053434502333402634
30.4695,0.0020520016551017761,0.0089040026068687439,-0.053434502333402634
30.502800000000001,0.0088020022958517075,0.0075540030375123024,-0.053284503519535065
30.536100000000001,0.0038520016241818666,0.0092040020972490311,-0.052684497088193893
30.569400000000002,0.006402001716196537,0.0077040023170411587,-0.052834499627351761
30.602699999999999,0.0076020024716854095,0.007104002870619297,-0.05298449844121933
30.635999999999999,0.00085200218018144369,0.0098040029406547546,-0.052684497088193893
30.6693,0.0083520021289587021,0.0078540025278925896,-0.053134500980377197
30.7026,0.0049020024016499519,0.0090540032833814621,-0.053134500980377197
30.735900000000001,0.0032520019449293613,0.0084540024399757385,-0.053584504872560501
30.769200000000001,0.0068520018830895424,0.0078540025278925896,-0.052234500646591187
30.802499999999998,0.00055200158385559916,0.0096540022641420364,-0.053134500980377197
30.835799999999999,0.0058020018041133881,0.007104002870619297,-0.053284503519535065
30.8691,0.002202001865953207,0.0090540032833814621,-0.05298449844121933
30.9024,-0.00019799843721557409,0.0092040020972490311,-0.053434502333402634
30.935700000000001,0.0065520023927092552,0.0081540029495954514,-0.053134500980377197
30.969000000000001,-0.0003479979932308197,0.010404002852737904,-0.05298449844121933
31.002300000000002,0.0037020021118223667,0.0081540029495954514,-0.052534501999616623
31.035599999999999,0.0032520019449293613,0.0099540026858448982,-0.052834499627351761
31.068899999999999,0.0013020016485825181,0.0096540022641420364,-0.053134500980377197
31.1022,0.0056520020589232445,0.0084540024399757385,-0.053284503519535065
31.1355,-0.001247997977770865,0.01025400310754776,-0.053134500980377197
31.168800000000001,0.00070200191112235188,0.0089040026068687439,-0.05298449844121933
31.202100000000002,0.0040020020678639412,0.0093540027737617493,-0.053284503519535065
31.235399999999998,-0.00064799783285707235,0.0099540026858448982,-0.053284503519535065
31.268699999999999,0.0044520022347569466,0.0078540025278925896,-0.052834499627351761
31.302,0.00010200217366218567,0.010704003274440765,-0.053884498775005341
31.3353,0.002202001865953207,0.0089040026068687439,-0.052684497088193893
31.368600000000001,0.0046020015142858028,0.0090540032833814621,-0.05298449844121933
31.401900000000001,-0.0021479981951415539,0.010554002597928047,-0.053134500980377197
31.435199999999998,0.0011520020198076963,0.0092040020972490311,-0.052834499627351761
31.468499999999999,0.0014520019758492708,0.010404002852737904,-0.05298449844121933
31.501799999999999,-4.7998131776694208e-05,0.0093540027737617493,-0.052684497088193893
31.5351,0.0035520016681402922,0.0089040026068687439,-0.052834499627351761
31.5684,-0.0018479980062693357,0.011004002764821053,-0.052834499627351761
31.601700000000001,0.0031020015012472868,0.010554002597928047,-0.05373450368642807
31.635000000000002,0.002802001778036356,0.01025400310754776,-0.053284503519535065
31.668299999999999,-0.0027479981072247028,0.01025400310754776,-0.05298449844121933
31.701599999999999,0.0023520016111433506,0.0092040020972490311,-0.053284503519535065
31.7349,-0.00094799848739057779,0.011154002510011196,-0.053284503519535065
31.7682,0.00070200191112235188,0.0089040026068687439,-0.052684497088193893
31.801500000000001,0.0031020015012472868,0.010704003274440765,-0.052834499627351761
31.834800000000001,-0.0031979982741177082,0.010854003019630909,-0.053134500980377197
31.868099999999998,0.00025200174422934651,0.0096540022641420364,-0.052834499627351761
31.901399999999999,-0.0003479979932308197,0.010554002597928047,-0.05298449844121933
31.934699999999999,-0.0018479980062693357,0.01025400310754776,-0.052384503185749054
31.968,0.002802001778036356,0.0096540022641420364,-0.053434502333402634
32.001300000000001,-0.003047998296096921,0.011454002931714058,-0.052384503185749054
32.034599999999998,-0.0025979981292039156,0.010404002852737904,-0.052534501999616623
32.067900000000002,0.00070200191112235188,0.010704003274440765,-0.053284503519535065
32.101199999999999,-0.003497997997328639,0.011154002510011196,-0.052684497088193893
32.134500000000003,0.0010020018089562654,0.0098040029406547546,-0.052684497088193893
32.1678,-0.0028979978524148464,0.011604002676904202,-0.052234500646591187
32.201099999999997,-0.0040979981422424316,0.011004002764821053,-0.052384503185749054
32.234400000000001,0.00085200218018144369,0.010554002597928047,-0.052834499627351761
32.267699999999998,-0.0046979980543255806,0.012054001912474632,-0.052384503185749054
32.301000000000002,-0.0013979983050376177,0.01025400310754776,-0.05298449844121933
32.334299999999999,-0.0022979981731623411,0.011004002764821053,-0.052834499627351761
32.367600000000003,-0.0052979984320700169,0.012054001912474632,-0.053134500980377197
32.4009,-4.7998131776694208e-05,0.010554002597928047,-0.052384503185749054
32.434199999999997,-0.0049979980103671551,0.01265400368720293,-0.052084505558013916
32.467500000000001,-0.0042479978874325752,0.010704003274440765,-0.052234500646591187
32.500799999999998,-0.001247997977770865,0.010854003019630909,-0.052834499627351761
32.534100000000002,-0.0054479977115988731,0.012354003265500069,-0.052534501999616623
32.567399999999999,-0.001247997977770865,0.0099540026858448982,-0.051484502851963043
32.600700000000003,-0.0042479978874325752,0.01175400335341692,-0.052084505558013916
32.634,-0.0057479981333017349,0.011904003098607063,-0.053134500980377197
32.667299999999997,-0.0003479979932308197,0.010854003019630909,-0.052684497088193893
32.700600000000001,-0.0069479979574680328,0.012054001912474632,-0.052384503185749054
32.733899999999998,-0.0010979979997500777,0.010554002597928047,-0.05298449844121933
32.767200000000003,-0.0039479983970522881,0.012504002079367638,-0.051934503018856049
32.8005,-0.0048479982651770115,0.01175400335341692,-0.052234500646591187
32.833799999999997,-0.0027479981072247028,0.012054001912474632,-0.052084505558013916
32.867100000000001,-0.0067979982122778893,0.01265400368720293,-0.052234500646591187
32.900399999999998,-0.001247997977770865,0.011004002764821053,-0.052384503185749054
32.933700000000002,-0.0027479981072247028,0.011604002676904202,-0.05178450420498848
32.966999999999999,-0.006197997834533453,0.012504002079367638,-0.051634501665830612
33.000300000000003,-0.0021479981951415539,0.01175400335341692,-0.051934503018856049
33.0336,-0.0063479980453848839,0.012504002079367638,-0.052834499627351761
33.066899999999997,-0.0042479978874325752,0.011154002510011196,-0.051934503018856049
33.100200000000001,-0.0052979984320700169,0.01175400335341692,-0.051634501665830612
33.133499999999998,-0.0082979975268244743,0.013104001991450787,-0.051334500312805176
33.166800000000002,-0.003047998296096921,0.010854003019630909,-0.052834499627351761
33.200099999999999,-0.0058979978784918785,0.01265400368720293,-0.052234500646591187
33.233400000000003,-0.0063479980453848839,0.01175400335341692,-0.051634501665830612
33.2667,-0.0043979980982840061,0.011904003098607063,-0.052084505558013916
33.299999999999997,-0.0079979980364441872,0.013104001991450787,-0.051334500312805176
33.333300000000001,-0.0039479983970522881,0.011454002931714058,-0.052084505558013916
33.366599999999998,-0.0049979980103671551,0.01265400368720293,-0.051634501665830612
33.399900000000002,-0.0076979980804026127,0.011904003098607063,-0.051934503018856049
33.433199999999999,-0.0042479978874325752,0.01175400335341692,-0.05178450420498848
33.466500000000003,-0.0075479983352124691,0.013104001991450787,-0.05178450420498848
33.4998,-0.0055979983881115913,0.011454002931714058,-0.052384503185749054
33.533099999999997,-0.0072479979135096073,0.013254003599286079,-0.051184497773647308
33.566400000000002,-0.0094979982823133469,0.013104001991450787,-0.051484502851963043
33.599699999999999,-0.0042479978874325752,0.012354003265500069,-0.05178450420498848
33.633000000000003,-0.0072479979135096073,0.013404002413153648,-0.051334500312805176
33.6663,-0.0082979975268244743,0.012354003265500069,-0.051034498959779739
33.699599999999997,-0.0058979978784918785,0.012504002079367638,-0.051484502851963043
33.732900000000001,-0.0091979978606104851,0.013404002413153648,-0.050734501332044601
33.766199999999998,-0.0048479982651770115,0.01175400335341692,-0.05178450420498848
33.799500000000002,-0.0069479979574680328,0.013104001991450787,-0.051484502851963043
33.832799999999999,-0.0094979982823133469,0.013254003599286079,-0.050584502518177032
33.866100000000003,-0.0052979984320700169,0.012054001912474632,-0.050734501332044601
33.8994,-0.0084479982033371925,0.013254003599286079,-0.050734501332044601
33.932699999999997,-0.0072479979135096073,0.012354003265500069,-0.050884496420621872
33.966000000000001,-0.0060479980893433094,0.012804003432393074,-0.051184497773647308
33.999299999999998,-0.010397998616099358,0.012954002246260643,-0.050134502351284027
34.032600000000002,-0.0058979978784918785,0.01175400335341692,-0.050584502518177032
34.065899999999999,-0.0079979980364441872,0.014154002070426941,-0.051034498959779739
34.099200000000003,-0.0090479981154203415,0.012054001912474632,-0.050584502518177032
34.1325,-0.0058979978784918785,0.012504002079367638,-0.050734501332044601
34.165799999999997,-0.010247997939586639,0.013104001991450787,-0.051034498959779739
34.199100000000001,-0.006197997834533453,0.012054001912474632,-0.050884496420621872
34.232399999999998,-0.0072479979135096073,0.01265400368720293,-0.050284504890441895
34.265700000000002,-0.010697998106479645,0.013554002158343792,-0.050284504890441895
34.298999999999999,-0.0064979987218976021,0.012054001912474632,-0.050734501332044601
34.332299999999996,-0.009797997772693634,0.013254003599286079,-0.050284504890441895
34.365600000000001,-0.0084479982033371925,0.012504002079367638,-0.050434499979019165
34.398899999999998,-0.0072479979135096073,0.012954002246260643,-0.050284504890441895
34.432200000000002,-0.01114799827337265,0.013404002413153648,-0.050584502518177032
34.465499999999999,-0.0069479979574680328,0.012954002246260643,-0.050884496420621872
34.498800000000003,-0.010397998616099358,0.013704001903533936,-0.049984503537416458
34.5321,-0.0096479980275034904,0.012954002246260643,-0.049834500998258591
34.565399999999997,-0.0072479979135096073,0.013254003599286079,-0.050284504890441895
34.598700000000001,-0.010997997596859932,0.014154002070426941,-0.049684502184391022
34.631999999999998,-0.0073979981243610382,0.012354003265500069,-0.049534503370523453
34.665300000000002,-0.010397998616099358,0.013554002158343792,-0.049984503537416458
34.698599999999999,-0.011447997763752937,0.014004002325236797,-0.049384500831365585
34.731900000000003,-0.0075479983352124691,0.01265400368720293,-0.049834500998258591
34.7652,-0.012197998352348804,0.013854002580046654,-0.049834500998258591
34.798499999999997,-0.0090479981154203415,0.012054001912474632,-0.049834500998258591
34.831800000000001,-0.0099479984492063522,0.014004002325236797,-0.049834500998258591
34.865099999999998,-0.01264799851924181,0.013554002158343792,-0.049384500831365585
34.898400000000002,-0.0082979975268244743,0.01265400368720293,-0.050284504890441895
34.931699999999999,-0.012197998352348804,0.014004002325236797,-0.049234502017498016
34.965000000000003,-0.010697998106479645,0.013104001991450787,-0.049834500998258591
34.9983,-0.009797997772693634,0.014004002325236797,-0.049234502017498016
35.031599999999997,-0.012047998607158661,0.012804003432393074,-0.050134502351284027
35.064900000000002,-0.0082979975268244743,0.013254003599286079,-0.049684502184391022
35.098199999999999,-0.011447997763752937,0.014304002746939659,-0.049534503370523453
35.131500000000003,-0.012197998352348804,0.013404002413153648,-0.049534503370523453
35.1648,-0.0088979983702301979,0.013554002158343792,-0.049384500831365585
35.198099999999997,-0.013547998853027821,0.013554002158343792,-0.049984503537416458
35.231400000000001,-0.010247997939586639,0.012804003432393074,-0.049534503370523453
35.264699999999998,-0.010697998106479645,0.013854002580046654,-0.049534503370523453
35.298000000000002,-0.012047998607158661,0.013254003599286079,-0.049234502017498016
35.331299999999999,-0.0088979983702301979,0.01265400368720293,-0.049084503203630447
35.364600000000003,-0.012797998264431953,0.014004002325236797,-0.048484500497579575
35.3979,-0.01114799827337265,0.013704001903533936,-0.049234502017498016
35.431199999999997,-0.0096479980275034904,0.012954002246260643,-0.049684502184391022
35.464500000000001,-0.012497997842729092,0.013254003599286079,-0.048634503036737442
35.497799999999998,-0.0087479976937174797,0.013254003599286079,-0.04893450066447258
35.531100000000002,-0.012497997842729092,0.013854002580046654,-0.048484500497579575
35.564399999999999,-0.012947997078299522,0.013254003599286079,-0.04893450066447258
35.597700000000003,-0.0093479985371232033,0.013854002580046654,-0.048784501850605011
35.631,-0.012797998264431953,0.013254003599286079,-0.048634503036737442
35.664299999999997,-0.010247997939586639,0.013554002158343792,-0.048784501850605011
35.697600000000001,-0.010997997596859932,0.014454002492129803,-0.04893450066447258
35.730899999999998,-0.013697998598217964,0.013704001903533936,-0.048634503036737442
35.764200000000002,-0.0090479981154203415,0.012504002079367638,-0.049234502017498016
35.797499999999999,-0.013247998431324959,0.014454002492129803,-0.048334501683712006
35.830800000000004,-0.013097998686134815,0.013554002158343792,-0.048634503036737442
35.864100000000001,-0.010697998106479645,0.013704001903533936,-0.048334501683712006
35.897399999999998,-0.013397997245192528,0.014754002913832664,-0.047584500163793564
35.930700000000002,-0.010847997851669788,0.012954002246260643,-0.048784501850605011
35.963999999999999,-0.012797998264431953,0.014154002070426941,-0.048334501683712006
35.997300000000003,-0.013397997245192528,0.013554002158343792,-0.048184502869844437
36.0306,-0.0099479984492063522,0.012804003432393074,-0.048184502869844437
36.063899999999997,-0.012797998264431953,0.014004002325236797,-0.048184502869844437
36.097200000000001,-0.011297998018562794,0.013254003599286079,-0.048334501683712006
36.130499999999998,-0.012047998607158661,0.013854002580046654,-0.047584500163793564
36.163800000000002,-0.013697998598217964,0.014004002325236797,-0.048184502869844437
36.197099999999999,-0.0099479984492063522,0.013704001903533936,-0.047584500163793564
36.230400000000003,-0.014297997578978539,0.014004002325236797,-0.047884501516819
36.2637,-0.010547998361289501,0.012804003432393074,-0.047734502702951431
36.296999999999997,-0.011597998440265656,0.014004002325236797,-0.048034500330686569
36.330300000000001,-0.014447999186813831,0.013254003599286079,-0.047734502702951431
36.363599999999998,-0.010847997851669788,0.013704001903533936,-0.048034500330686569
36.396900000000002,-0.013397997245192528,0.014604002237319946,-0.047584500163793564
36.430199999999999,-0.012497997842729092,0.012504002079367638,-0.048034500330686569
36.463500000000003,-0.010997997596859932,0.013704001903533936,-0.047584500163793564
36.4968,-0.014747997745871544,0.013854002580046654,-0.047884501516819
36.530099999999997,-0.0099479984492063522,0.012954002246260643,-0.047734502702951431
36.563400000000001,-0.012047998607158661,0.014304002746939659,-0.047884501516819
36.596699999999998,-0.013097998686134815,0.013104001991450787,-0.047284502536058426
36.630000000000003,-0.009797997772693634,0.013554002158343792,-0.047734502702951431
36.6633,-0.01414799876511097,0.014154002070426941,-0.047584500163793564
36.696599999999997,-0.010997997596859932,0.012504002079367638,-0.047734502702951431
36.729900000000001,-0.011447997763752937,0.013854002580046654,-0.047584500163793564
36.763199999999998,-0.014297997578978539,0.013254003599286079,-0.048034500330686569
36.796500000000002,-0.010097998194396496,0.013404002413153648,-0.047884501516819
36.829799999999999,-0.013247998431324959,0.014454002492129803,-0.047434501349925995
36.863100000000003,-0.011297998018562794,0.012804003432393074,-0.048034500330686569
36.8964,-0.010997997596859932,0.014004002325236797,-0.047584500163793564
36.929699999999997,-0.014597997069358826,0.013704001903533936,-0.047584500163793564
36.963000000000001,-0.0099479984492063522,0.013254003599286079,-0.048034500330686569
36.996299999999998,-0.013097998686134815,0.014604002237319946,-0.046834502369165421
37.029600000000002,-0.013247998431324959,0.013104001991450787,-0.047134499996900558
37.062899999999999,-0.010547998361289501,0.013104001991450787,-0.048184502869844437
37.096200000000003,-0.013847997412085533,0.014454002492129803,-0.047584500163793564
37.1295,-0.010547998361289501,0.013254003599286079,-0.047134499996900558
37.162799999999997,-0.010997997596859932,0.013404002413153648,-0.047884501516819
37.196100000000001,-0.013847997412085533,0.012954002246260643,-0.047434501349925995
37.229399999999998,-0.010997997596859932,0.013104001991450787,-0.048334501683712006
37.262700000000002,-0.013397997245192528,0.013854002580046654,-0.047734502702951431
37.295999999999999,-0.011747998185455799,0.012804003432393074,-0.047434501349925995
37.329300000000003,-0.010847997851669788,0.012804003432393074,-0.047284502536058426
37.3626,-0.014597997069358826,0.014604002237319946,-0.047284502536058426
37.395899999999997,-0.011447997763752937,0.012954002246260643,-0.047434501349925995
37.429200000000002,-0.012347998097538948,0.013554002158343792,-0.047884501516819
37.462499999999999,-0.013247998431324959,0.013404002413153648,-0.048034500330686569
37.495800000000003,-0.0099479984492063522,0.012954002246260643,-0.048034500330686569
37.5291,-0.014297997578978539,0.013854002580046654,-0.047734502702951431
37.562399999999997,-0.010697998106479645,0.013554002158343792,-0.048184502869844437
37.595700000000001,-0.011597998440265656,0.013404002413153648,-0.047434501349925995
37.628999999999998,-0.013997999019920826,0.013404002413153648,-0.047584500163793564
37.662300000000002,-0.010697998106479645,0.012804003432393074,-0.048184502869844437
37.695599999999999,-0.013547998853027821,0.014154002070426941,-0.047734502702951431
37.728900000000003,-0.014297997578978539,0.013254003599286079,-0.047434501349925995
37.7622,-0.010247997939586639,0.013704001903533936,-0.04698450118303299
37.795499999999997,-0.014297997578978539,0.013854002580046654,-0.048484500497579575
37.828800000000001,-0.012047998607158661,0.013254003599286079,-0.047734502702951431
37.862099999999998,-0.011897997930645943,0.013854002580046654,-0.047434501349925995
37.895400000000002,-0.012947997078299522,0.014154002070426941,-0.047134499996900558
37.928699999999999,-0.010847997851669788,0.013704001903533936,-0.047284502536058426
37.962000000000003,-0.014297997578978539,0.014154002070426941,-0.047134499996900558
37.9953,-0.012947997078299522,0.013404002413153648,-0.048184502869844437
38.028599999999997,-0.011297998018562794,0.013254003599286079,-0.047584500163793564
38.061900000000001,-0.013847997412085533,0.013554002158343792,-0.047884501516819
38.095199999999998,-0.010397998616099358,0.013104001991450787,-0.047584500163793564
38.128500000000003,-0.012947997078299522,0.013554002158343792,-0.047884501516819
38.161799999999999,-0.011447997763752937,0.012954002246260643,-0.047434501349925995
38.195099999999996,-0.012047998607158661,0.012804003432393074,-0.047734502702951431
38.228400000000001,-0.014447999186813831,0.013854002580046654,-0.04698450118303299
38.261699999999998,-0.0096479980275034904,0.012504002079367638,-0.047734502702951431
38.295000000000002,-0.011747998185455799,0.013854002580046654,-0.047884501516819
38.328299999999999,-0.012797998264431953,0.013104001991450787,-0.047434501349925995
38.361600000000003,-0.011447997763752937,0.013854002580046654,-0.047734502702951431
38.3949,-0.014297997578978539,0.014604002237319946,-0.047584500163793564
38.428199999999997,-0.010397998616099358,0.012354003265500069,-0.047434501349925995
38.461500000000001,-0.013397997245192528,0.013554002158343792,-0.047884501516819
38.494799999999998,-0.014297997578978539,0.014154002070426941,-0.047434501349925995
38.528100000000002,-0.010697998106479645,0.013254003599286079,-0.048334501683712006
38.561399999999999,-0.012347998097538948,0.014004002325236797,-0.047284502536058426
38.594700000000003,-0.011447997763752937,0.013104001991450787,-0.047584500163793564
38.628,-0.012497997842729092,0.013704001903533936,-0.047584500163793564
38.661299999999997,-0.014447999186813831,0.013854002580046654,-0.047434501349925995
38.694600000000001,-0.010247997939586639,0.012804003432393074,-0.047584500163793564
38.727899999999998,-0.013397997245192528,0.013704001903533936,-0.04698450118303299
38.761200000000002,-0.013097998686134815,0.013254003599286079,-0.047884501516819
38.794499999999999,-0.010997997596859932,0.012804003432393074,-0.047734502702951431
38.827800000000003,-0.01414799876511097,0.013254003599286079,-0.047434501349925995
38.8611,-0.010847997851669788,0.012354003265500069,-0.047434501349925995
38.894399999999997,-0.013847997412085533,0.013854002580046654,-0.047134499996900558
38.927700000000002,-0.014447999186813831,0.013104001991450787,-0.04698450118303299
38.960999999999999,-0.010697998106479645,0.01265400368720293,-0.047734502702951431
38.994300000000003,-0.013247998431324959,0.013704001903533936,-0.047134499996900558
39.0276,-0.012197998352348804,0.013404002413153648,-0.048184502869844437
39.060899999999997,-0.011747998185455799,0.013404002413153648,-0.047734502702951431
39.094200000000001,-0.014297997578978539,0.014004002325236797,-0.047434501349925995
39.127499999999998,-0.010247997939586639,0.013254003599286079,-0.048034500330686569
39.160800000000002,-0.012197998352348804,0.013704001903533936,-0.047434501349925995
39.194099999999999,-0.012797998264431953,0.013704001903533936,-0.047584500163793564
39.227400000000003,-0.011447997763752937,0.013104001991450787,-0.047884501516819
39.2607,-0.014447999186813831,0.013854002580046654,-0.047734502702951431
39.293999999999997,-0.010997997596859932,0.01265400368720293,-0.047434501349925995
39.327300000000001,-0.011297998018562794,0.013704001903533936,-0.047584500163793564
39.360599999999998,-0.014747997745871544,0.014004002325236797,-0.047434501349925995
39.393900000000002,-0.010247997939586639,0.01265400368720293,-0.048034500330686569
39.427199999999999,-0.012947997078299522,0.014004002325236797,-0.047584500163793564
39.460500000000003,-0.012047998607158661,0.013404002413153648,-0.047284502536058426
39.4938,-0.0090479981154203415,0.013254003599286079,-0.048034500330686569
39.527099999999997,-0.014447999186813831,0.014154002070426941,-0.047884501516819
39.560400000000001,-0.010097998194396496,0.013104001991450787,-0.047434501349925995
39.593699999999998,-0.01114799827337265,0.012954002246260643,-0.04698450118303299
39.627000000000002,-0.013847997412085533,0.013254003599286079,-0.047884501516819
39.660299999999999,-0.010397998616099358,0.012954002246260643,-0.047584500163793564
39.693600000000004,-0.013697998598217964,0.014904002659022808,-0.047884501516819
39.726900000000001,-0.011297998018562794,0.012804003432393074,-0.047734502702951431
39.760199999999998,-0.013247998431324959,0.014154002070426941,-0.048034500330686569
39.793500000000002,-0.01414799876511097,0.013554002158343792,-0.047734502702951431
39.826799999999999,-0.010697998106479645,0.013704001903533936,-0.047584500163793564
39.860100000000003,-0.014597997069358826,0.013854002580046654,-0.047734502702951431
39.8934,-0.012347998097538948,0.01220400258898735,-0.048034500330686569
39.926699999999997,-0.011747998185455799,0.013554002158343792,-0.047584500163793564
39.960000000000001,-0.013097998686134815,0.014154002070426941,-0.047584500163793564
39.993299999999998,-0.010397998616099358,0.012804003432393074,-0.047134499996900558
40.026600000000002,-0.013697998598217964,0.014154002070426941,-0.047434501349925995
40.059899999999999,-0.014297997578978539,0.013104001991450787,-0.047734502702951431
40.093200000000003,-0.010997997596859932,0.013254003599286079,-0.048334501683712006
40.1265,-0.013997999019920826,0.013704001903533936,-0.048184502869844437
40.159799999999997,-0.01114799827337265,0.01265400368720293,-0.047434501349925995
40.193100000000001,-0.012797998264431953,0.014304002746939659,-0.047584500163793564
40.226399999999998,-0.014297997578978539,0.014004002325236797,-0.047134499996900558
40.259700000000002,-0.010547998361289501,0.012954002246260643,-0.047884501516819
40.292999999999999,-0.01414799876511097,0.014154002070426941,-0.047584500163793564
40.326300000000003,-0.013247998431324959,0.013104001991450787,-0.047284502536058426
40.3596,-0.011597998440265656,0.013554002158343792,-0.047734502702951431
40.392899999999997,-0.013847997412085533,0.013104001991450787,-0.047134499996900558
40.426200000000001,-0.010547998361289501,0.01265400368720293,-0.048034500330686569
40.459499999999998,-0.014297997578978539,0.013554002158343792,-0.047584500163793564
40.492800000000003,-0.01414799876511097,0.013554002158343792,-0.047884501516819
40.5261,-0.010097998194396496,0.013704001903533936,-0.047284502536058426
40.559399999999997,-0.015047997236251831,0.013554002158343792,-0.048484500497579575
40.592700000000001,-0.011747998185455799,0.013404002413153648,-0.047584500163793564
40.625999999999998,-0.012347998097538948,0.014154002070426941,-0.047884501516819
